<?xml version="1.0" encoding="UTF-8"?>
<BasicSettings>
  <General Active="false" AutoAtk="true" AutoHeal="true" AutoBuff="true" AutoEvent="true" AutoScript="false" AutoScriptPath="" FRange1="0" FRange2="600" FAutoMove="false" Performance="1" Performance2="5" FastNuke="false" MTarget="false" BuffBypass0="_bbshome&#xA;_servicebuff 0&#xA;_servicebuff list 1_0 Воину&#xA;_servicebuff get 0 1_0 Воину" BuffBypass1="_bbshome&#xA;_servicebuff 0&#xA;_servicebuff list 1_0 Магу&#xA;_servicebuff get 0 1_0 Магу" BuffBypass2="_bbshome&#xA;_servicebuff 0&#xA;_servicebuff list 2_0 1&#xA;_servicebuff get 0 2_0 1" BuffBypass3="_bbshome&#xA;_servicebuff 0&#xA;_servicebuff list 2_0 2&#xA;_servicebuff get 0 2_0 2" BuffBypass4="_bbshome&#xA;_servicebuff 0&#xA;_servicebuff list 2_0 3&#xA;_servicebuff get 0 2_0 3"/>
  <SelfHeal>
    <Item_0 ObjEnabled="true" ObjType="1" ObjID="1060" Priority="0" BuffType="0" BuffName="" TargetList="" Distance="0" MinDist="0" OffParty="false" OffParty2="false" OffParty2V="0" BreakRelax="false" Delay="10" Delay2="0" DelayUse="false" InCombat="true" ForPet="0" TargetInCombat="false" Dispell="false" NoTarget="false" Combo="false" ETime="false" CTime="0" VTime="0" ELvl="false" CLvl="0" VLvl="0" C1="0" V1="0" C2="1" V2="40" C3="0" V3="0" UseShot="false" UseShotV="false"/>
  </SelfHeal>
  <Relax SkillUse="false" SkillName="" minHPUse="false" minHP="40" minMPUse="false" minMP="20" maxHPUse="false" maxHP="100" maxMpUse="false" maxMP="100" PauseUse="false" PauseV1="1" PauseV2="3" Pos1Use="false" Pos2Use="false" Pos3Use="false" Pos1X="0" Pos1Y="0" Pos1Z="0" Pos2X="0" Pos2Y="0" Pos2Z="0" Pos3X="0" Pos3Y="0" Pos3Z="0" RelaxParty="false" RelaxPartyV="" RelaxPartyV2="30" RelaxPartyV3="100" PartyStandAtk="true" SitTarg="false" SitTargV="5"/>
  <Death Resp="false" RespType="0" WaitResp="false" WaitRespV1="60" WaitRespV2="30" WaitFight="false" WaitFightV="10"/>
  <SelfBuff/>
  <Party Invite="false" InviteList="" DropType="1" Accept="false" AcceptList="" Assist="false" AssistList="" ProtectMA="false" ProtectMAV="5" AttackType="0" ProtectParty="false" ProtectPartyList="" ProtectMyPet="false" ProtectMy="false" ProtectParty2="true" BreakRelax2="true" FollowMov="false" FollowList="" FollovMinDist="0" FollowMaxDist="200" FollowType="1" RelaxWith="false" RelaxWithList="" RelaxWithNear="false" LeavePL="false" ProtectByOne="false" FriendList="" AcceptResp="false" AcceptRespType="1" DlgAcceptList="" PauseBuff="false" PauseBuffList="" PauseBuffTime="30" DeathAcceptMy="false" PartyAcceptMy="false" RelaxStand="false" RelaxStandV="2" AssistDelay="false" AssistDelayV1="1000" AssistDelayV2="3000" PartyRnd="false" PartyRndV1="2" PartyRndV2="3" PartyRndV3="false" PartyRndV4="false"/>
  <PartyBuff/>
  <Fight>
    <Items>
      <Item_0 ObjEnabled="true" ObjType="0" ObjName="Водная Атака" ObjID="30001" Priority="0" ObjRepeat="true" RepFail="false" Delay="0" Selector="false" TargetMOB="true" TargetNPC="false" TargetCHAR="false" TargetFiltr="1" TargetFiltrList="" FightShot="false" FightShotV="" MoveDist="true" BaseDist="true" BaseDistV="80" DistToTargV1="0" DistToTargV2="75" AgroInRange="false" MonInRangeC="0" MonInRangeR="150" MonInRangeV="0" MonInRangeT1="true" C1="0" V1="0" C2="0" V2="0" C3="0" V3="0" C4="0" V4="0"/>
      <Item_1 ObjEnabled="true" ObjType="0" ObjName="Боковая Атака" ObjID="30500" Priority="1" ObjRepeat="true" RepFail="false" Delay="0" Selector="false" TargetMOB="true" TargetNPC="false" TargetCHAR="false" TargetFiltr="1" TargetFiltrList="" FightShot="false" FightShotV="" MoveDist="true" BaseDist="true" BaseDistV="75" DistToTargV1="0" DistToTargV2="75" AgroInRange="false" MonInRangeC="0" MonInRangeR="150" MonInRangeV="0" MonInRangeT1="true" C1="0" V1="0" C2="0" V2="0" C3="0" V3="0" C4="0" V4="0"/>
      <Item_2 ObjEnabled="true" ObjType="0" ObjName="Удар с Разворота" ObjID="30501" Priority="1" ObjRepeat="true" RepFail="false" Delay="0" Selector="false" TargetMOB="true" TargetNPC="false" TargetCHAR="false" TargetFiltr="1" TargetFiltrList="" FightShot="false" FightShotV="" MoveDist="true" BaseDist="true" BaseDistV="75" DistToTargV1="0" DistToTargV2="75" AgroInRange="false" MonInRangeC="0" MonInRangeR="150" MonInRangeV="0" MonInRangeT1="true" C1="0" V1="0" C2="0" V2="0" C3="0" V3="0" C4="0" V4="0"/>
      <Item_3 ObjEnabled="true" ObjType="4" ObjName="Атака" ObjID="2" Priority="0" ObjRepeat="true" RepFail="false" Delay="0" Selector="false" TargetMOB="true" TargetNPC="false" TargetCHAR="false" TargetFiltr="1" TargetFiltrList="" FightShot="false" FightShotV="" MoveDist="true" BaseDist="true" BaseDistV="75" DistToTargV1="0" DistToTargV2="75" AgroInRange="false" MonInRangeC="0" MonInRangeR="150" MonInRangeV="0" MonInRangeT1="true" C1="59" V1="15650" C2="0" V2="0" C3="0" V3="0" C4="0" V4="0"/>
      <Item_4 ObjEnabled="true" ObjType="0" ObjName="Шаг Вправо" ObjID="30508" Priority="2" ObjRepeat="true" RepFail="true" Delay="0" Selector="false" TargetMOB="true" TargetNPC="false" TargetCHAR="false" TargetFiltr="1" TargetFiltrList="" FightShot="false" FightShotV="" MoveDist="true" BaseDist="true" BaseDistV="300" DistToTargV1="0" DistToTargV2="300" AgroInRange="false" MonInRangeC="0" MonInRangeR="150" MonInRangeV="0" MonInRangeT1="true" C1="0" V1="0" C2="0" V2="0" C3="0" V3="0" C4="0" V4="0"/>
    </Items>
  </Fight>
  <Path MapZoneName="Q:\Bot\Settings\" PathType="5" PathX="0" PathY="0" PathZ="0" PathR1="1500" ZLimit="true" ZLimitV="250" Return="true" ReturnV="2" AttackInRangeOnly="true" IsCircle="true" ZByUser="true" CAtkV="2" Evs="true" EvsTimeOut="1500" EvsBackV1="30" EvsBackV2="50" EvsSideV1="100" EvsSideV2="100">
    <Points/>
  </Path>
  <Mons NoAtkInCombat="true" NoAtkInTarget="true" FullCombat="true" TargetDelay="false" TargetDelayV1="1000" TargetDelayV2="2000" FindAgro="true" FindTargetMe="true" MonsFindNear="true" SkeepTarget="true" SkeepRange="false" SkeepRangeV="300" SkeepRange2="false" SkeepRange2V="100" SkeepChamp="false" SkeepChamp2="false" SkeepChampV="10000" SkeepHP="true" SkeepHPV1="60" SkeepHPV2="3" SkeepHPV3="7" SkeepInv="true" SkeepInvV="3" ProtectPVP="true" AttackPK="false" AttackPVP="true" AttackPVPR="1500" NoAtkPVP="true" MonsFriends="true" MonsMapNear="false" NoAtkLvl1="false" NoAtkLvlV1="3" NoAtkLvl2="false" NoAtkLvlV2="3" NoAtkResp="false" NoAtkRespV="5" NoAtkTitle="true" NoAtkTitleV="ВНИМАНИЕ АНТИБОТ, ANTIBOT" C1="0" C2="0" V1="0" V2="0"/>
  <Drop PickUp="true" PickUpRange="600" ZLimit="true" ZLimitR="300" OnlyMy="true" OnlyInCZ="true" DropTime="15" TimeOut="20"/>
  <Shot AutoShot="true" Extract1="false" Extract2="false" Extract3="false" ExtractName1="" ExtractName2="" ExtractName3="" ExtractItem1="" ExtractItem2="" ExtractItem3="" ExtractItem4="" ExtractCount1="1500" ExtractCount2="1500" ExtractCount3="1500" ExtractCount4="0" ExtractDelay1="5" ExtractDelay2="5" ExtractDelay3="5" Fishing="false" FishBreak="true" FishExtract="false" FishMov="false" FishInv="false" FishMTime="15" FishShots="true" FishMovC1="false" FishMovC2="true" FishTrigger="true" FishRelog="false" FishRelogV2="10" F1X1="0" F1Y1="0" F1Z1="0" F1X2="0" F1Y2="0" F1Z2="0" F2X1="0" F2Y1="0" F2Z1="0" F2X2="0" F2Y2="0" F2Z2="0" Craft="false" CraftList="1,2,3" CraftMP="5" CraftWeight="80" CraftDelay="1000" CancelCast="true"/>
  <Event/>
  <Navi/>
  <NpcFilter>
    <Item_0 ObjType="0" ID="20497" FAction="1" FPriority="1" FPriority2="1" FAtkAlone="false" FAtkAloneV1="400" FAtkAloneC="0" FAtkAloneV2="3" FDodge="false" FDodgeV="300" FCAtk="false" FPosition="false" FPosX="0" FPosY="0" FPosZ="0" FPosR="0" FC="0" FV="0" NPCFV2=""/>
    <Item_1 ObjType="0" ID="20496" FAction="1" FPriority="1" FPriority2="1" FAtkAlone="false" FAtkAloneV1="400" FAtkAloneC="0" FAtkAloneV2="3" FDodge="false" FDodgeV="300" FCAtk="false" FPosition="false" FPosX="0" FPosY="0" FPosZ="0" FPosR="0" FC="0" FV="0" NPCFV2=""/>
    <Item_2 ObjType="0" ID="20498" FAction="1" FPriority="1" FPriority2="1" FAtkAlone="false" FAtkAloneV1="400" FAtkAloneC="0" FAtkAloneV2="3" FDodge="false" FDodgeV="300" FCAtk="false" FPosition="false" FPosX="0" FPosY="0" FPosZ="0" FPosR="0" FC="0" FV="0" NPCFV2=""/>
    <Item_3 ObjType="0" ID="20500" FAction="1" FPriority="1" FPriority2="1" FAtkAlone="false" FAtkAloneV1="400" FAtkAloneC="0" FAtkAloneV2="3" FDodge="false" FDodgeV="300" FCAtk="false" FPosition="false" FPosX="0" FPosY="0" FPosZ="0" FPosR="0" FC="0" FV="0" NPCFV2=""/>
    <Item_4 ObjType="0" ID="20499" FAction="1" FPriority="1" FPriority2="1" FAtkAlone="false" FAtkAloneV1="400" FAtkAloneC="0" FAtkAloneV2="3" FDodge="false" FDodgeV="300" FCAtk="false" FPosition="false" FPosX="0" FPosY="0" FPosZ="0" FPosR="0" FC="0" FV="0" NPCFV2=""/>
    <Item_5 ObjType="0" ID="20501" FAction="1" FPriority="1" FPriority2="1" FAtkAlone="false" FAtkAloneV1="400" FAtkAloneC="0" FAtkAloneV2="3" FDodge="false" FDodgeV="300" FCAtk="false" FPosition="false" FPosX="0" FPosY="0" FPosZ="0" FPosR="0" FC="0" FV="0" NPCFV2=""/>
    <Item_6 ObjType="0" ID="20495" FAction="1" FPriority="1" FPriority2="1" FAtkAlone="false" FAtkAloneV1="400" FAtkAloneC="0" FAtkAloneV2="3" FDodge="false" FDodgeV="300" FCAtk="false" FPosition="false" FPosX="0" FPosY="0" FPosZ="0" FPosR="0" FC="0" FV="0" NPCFV2=""/>
    <Item_7 ObjType="0" ID="20546" FAction="1" FPriority="1" FPriority2="1" FAtkAlone="false" FAtkAloneV1="400" FAtkAloneC="0" FAtkAloneV2="3" FDodge="false" FDodgeV="300" FCAtk="false" FPosition="false" FPosX="0" FPosY="0" FPosZ="0" FPosR="0" FC="0" FV="0" NPCFV2=""/>
    <Item_8 ObjType="0" ID="23422" FAction="1" FPriority="1" FPriority2="1" FAtkAlone="false" FAtkAloneV1="400" FAtkAloneC="0" FAtkAloneV2="3" FDodge="false" FDodgeV="300" FCAtk="true" FPosition="false" FPosX="0" FPosY="0" FPosZ="0" FPosR="0" FC="0" FV="0" NPCFV2=""/>
    <Item_9 ObjType="0" ID="20494" FAction="1" FPriority="1" FPriority2="1" FAtkAlone="false" FAtkAloneV1="400" FAtkAloneC="0" FAtkAloneV2="3" FDodge="false" FDodgeV="300" FCAtk="false" FPosition="false" FPosX="0" FPosY="0" FPosZ="0" FPosR="0" FC="0" FV="0" NPCFV2=""/>
  </NpcFilter>
  <ItemFilter>
    <Item_0 ObjType="0" ID="8154" FGrade="0" FPickup="true" FInFight="true" FFightR="150" FNpc="false" FNpcV="3" FNpcAgro="false" PCount="false" PCountV="0" PCond="1" PCondV="50" PLoad="false" PLoadV="55" FDel="false" FDelC="false" FDelCV="0" FDelL="false" FDelLV="54"/>
    <Item_1 ObjType="0" ID="8600" FGrade="0" FPickup="true" FInFight="true" FFightR="150" FNpc="false" FNpcV="3" FNpcAgro="false" PCount="false" PCountV="0" PCond="1" PCondV="50" PLoad="false" PLoadV="55" FDel="false" FDelC="false" FDelCV="0" FDelL="false" FDelLV="54"/>
    <Item_2 ObjType="0" ID="8601" FGrade="0" FPickup="true" FInFight="true" FFightR="150" FNpc="false" FNpcV="3" FNpcAgro="false" PCount="false" PCountV="0" PCond="1" PCondV="50" PLoad="false" PLoadV="55" FDel="false" FDelC="false" FDelCV="0" FDelL="false" FDelLV="54"/>
    <Item_3 ObjType="0" ID="8602" FGrade="0" FPickup="true" FInFight="true" FFightR="150" FNpc="false" FNpcV="3" FNpcAgro="false" PCount="false" PCountV="0" PCond="1" PCondV="50" PLoad="false" PLoadV="55" FDel="false" FDelC="false" FDelCV="0" FDelL="false" FDelLV="54"/>
    <Item_4 ObjType="0" ID="8952" FGrade="0" FPickup="true" FInFight="true" FFightR="150" FNpc="false" FNpcV="3" FNpcAgro="false" PCount="false" PCountV="0" PCond="1" PCondV="50" PLoad="false" PLoadV="55" FDel="false" FDelC="false" FDelCV="0" FDelL="false" FDelLV="54"/>
    <Item_5 ObjType="2" ID="221" FGrade="1" FPickup="true" FInFight="true" FFightR="150" FNpc="false" FNpcV="3" FNpcAgro="false" PCount="false" PCountV="0" PCond="0" PCondV="0" PLoad="false" PLoadV="55" FDel="false" FDelC="false" FDelCV="0" FDelL="false" FDelLV="54"/>
    <Item_6 ObjType="1" ID="604" FGrade="1" FPickup="true" FInFight="false" FFightR="150" FNpc="false" FNpcV="3" FNpcAgro="false" PCount="false" PCountV="1" PCond="0" PCondV="0" PLoad="false" PLoadV="55" FDel="false" FDelC="false" FDelCV="0" FDelL="false" FDelLV="54"/>
    <Item_7 ObjType="0" ID="34849" FGrade="0" FPickup="true" FInFight="true" FFightR="150" FNpc="false" FNpcV="3" FNpcAgro="false" PCount="false" PCountV="0" PCond="0" PCondV="0" PLoad="false" PLoadV="55" FDel="false" FDelC="false" FDelCV="0" FDelL="false" FDelLV="54"/>
    <Item_8 ObjType="0" ID="34850" FGrade="0" FPickup="true" FInFight="true" FFightR="150" FNpc="false" FNpcV="3" FNpcAgro="false" PCount="false" PCountV="0" PCond="0" PCondV="0" PLoad="false" PLoadV="55" FDel="false" FDelC="false" FDelCV="0" FDelL="false" FDelLV="54"/>
    <Item_9 ObjType="0" ID="8155" FGrade="0" FPickup="true" FInFight="true" FFightR="150" FNpc="false" FNpcV="3" FNpcAgro="false" PCount="false" PCountV="0" PCond="0" PCondV="0" PLoad="false" PLoadV="55" FDel="false" FDelC="false" FDelCV="0" FDelL="false" FDelLV="54"/>
    <Item_10 ObjType="0" ID="8603" FGrade="0" FPickup="true" FInFight="true" FFightR="150" FNpc="false" FNpcV="3" FNpcAgro="false" PCount="false" PCountV="0" PCond="0" PCondV="0" PLoad="false" PLoadV="55" FDel="false" FDelC="false" FDelCV="0" FDelL="false" FDelLV="54"/>
    <Item_11 ObjType="0" ID="8604" FGrade="0" FPickup="true" FInFight="true" FFightR="150" FNpc="false" FNpcV="3" FNpcAgro="false" PCount="false" PCountV="0" PCond="0" PCondV="0" PLoad="false" PLoadV="55" FDel="false" FDelC="false" FDelCV="0" FDelL="false" FDelLV="54"/>
    <Item_12 ObjType="0" ID="8605" FGrade="0" FPickup="true" FInFight="true" FFightR="150" FNpc="false" FNpcV="3" FNpcAgro="false" PCount="false" PCountV="0" PCond="0" PCondV="0" PLoad="false" PLoadV="55" FDel="false" FDelC="false" FDelCV="0" FDelL="false" FDelLV="54"/>
    <Item_13 ObjType="0" ID="8953" FGrade="0" FPickup="true" FInFight="true" FFightR="150" FNpc="false" FNpcV="3" FNpcAgro="false" PCount="false" PCountV="0" PCond="0" PCondV="0" PLoad="false" PLoadV="55" FDel="false" FDelC="false" FDelCV="0" FDelL="false" FDelLV="54"/>
    <Item_14 ObjType="0" ID="10433" FGrade="0" FPickup="true" FInFight="true" FFightR="150" FNpc="false" FNpcV="3" FNpcAgro="false" PCount="false" PCountV="0" PCond="0" PCondV="0" PLoad="false" PLoadV="55" FDel="false" FDelC="false" FDelCV="0" FDelL="false" FDelLV="54"/>
  </ItemFilter>
  <NpcFilterDef>
    <Item_0 ObjType="0" ID="0" FAction="0" FPriority="1" FPriority2="1" FAtkAlone="false" FAtkAloneV1="400" FAtkAloneC="0" FAtkAloneV2="3" FDodge="false" FDodgeV="300" FCAtk="true" FPosition="false" FPosX="0" FPosY="0" FPosZ="0" FPosR="0" FC="0" FV="0" NPCFV2=""/>
    <Item_1 ObjType="1" ID="0" FAction="0" FPriority="1" FPriority2="1" FAtkAlone="false" FAtkAloneV1="400" FAtkAloneC="0" FAtkAloneV2="3" FDodge="false" FDodgeV="300" FCAtk="false" FPosition="false" FPosX="0" FPosY="0" FPosZ="0" FPosR="0" FC="0" FV="0" NPCFV2=""/>
  </NpcFilterDef>
  <ItemFilterDef>
    <Item_0 ObjType="-1" ID="0" FGrade="0" FPickup="false" FInFight="false" FFightR="150" FNpc="false" FNpcV="3" FNpcAgro="false" PCount="false" PCountV="0" PCond="0" PCondV="0" PLoad="false" PLoadV="55" FDel="false" FDelC="false" FDelCV="0" FDelL="false" FDelLV="54"/>
  </ItemFilterDef>
</BasicSettings>
