<?xml version="1.0" encoding="UTF-8"?>
<BasicSettings>
  <General Active="true" AutoAtk="true" AutoHeal="true" AutoBuff="true" AutoEvent="true" AutoScript="false" AutoScriptPath="" FRange1="0" FRange2="600" FAutoMove="false" Performance="1" Performance2="3" FastNuke="true" MTarget="false" BuffBypass0="_bbshome&#xA;_servicebuff 0&#xA;_servicebuff list 1_0 Воину&#xA;_servicebuff get 0 1_0 Воину" BuffBypass1="_bbshome&#xA;_servicebuff 0&#xA;_servicebuff list 1_0 Магу&#xA;_servicebuff get 0 1_0 Магу" BuffBypass2="_bbshome&#xA;_servicebuff 0&#xA;_servicebuff list 2_0 1&#xA;_servicebuff get 0 2_0 1" BuffBypass3="_bbshome&#xA;_servicebuff 0&#xA;_servicebuff list 2_0 2&#xA;_servicebuff get 0 2_0 2" BuffBypass4="_bbshome&#xA;_servicebuff 0&#xA;_servicebuff list 2_0 3&#xA;_servicebuff get 0 2_0 3" HotPauseScript="true"/>
  <SelfHeal>
    <Item_0 ObjEnabled="true" ObjType="1" ObjID="1060" Priority="0" BuffType="0" BuffName="" TargetList="" Distance="0" MinDist="0" OffParty="false" OffParty2="false" OffParty2V="0" BreakRelax="false" Delay="10" Delay2="0" DelayUse="false" InCombat="true" ForPet="0" TargetInCombat="false" Dispell="false" NoTarget="false" Combo="false" ETime="false" CTime="0" VTime="0" ELvl="false" CLvl="0" VLvl="0" C1="0" V1="0" C2="1" V2="80" C3="0" V3="0" UseShot="false" UseShotV="false"/>
    <Item_1 ObjEnabled="true" ObjType="1" ObjID="13033" Priority="0" BuffType="0" BuffName="" TargetList="" Distance="0" MinDist="0" OffParty="false" OffParty2="false" OffParty2V="0" BreakRelax="false" Delay="10" Delay2="0" DelayUse="false" InCombat="true" ForPet="0" TargetInCombat="false" Dispell="false" NoTarget="false" Combo="false" ETime="false" CTime="0" VTime="0" ELvl="false" CLvl="0" VLvl="0" C1="0" V1="0" C2="1" V2="60" C3="0" V3="0" UseShot="false" UseShotV="false"/>
    <Item_2 ObjEnabled="true" ObjType="1" ObjID="1539" Priority="0" BuffType="0" BuffName="" TargetList="" Distance="0" MinDist="0" OffParty="false" OffParty2="false" OffParty2V="0" BreakRelax="false" Delay="10" Delay2="0" DelayUse="false" InCombat="true" ForPet="0" TargetInCombat="false" Dispell="false" NoTarget="false" Combo="false" ETime="false" CTime="0" VTime="0" ELvl="false" CLvl="0" VLvl="0" C1="0" V1="0" C2="1" V2="60" C3="0" V3="0" UseShot="false" UseShotV="false"/>
    <Item_3 ObjEnabled="true" ObjType="1" ObjID="13033" Priority="0" BuffType="0" BuffName="" TargetList="" Distance="0" MinDist="0" OffParty="false" OffParty2="false" OffParty2V="0" BreakRelax="false" Delay="10" Delay2="0" DelayUse="false" InCombat="true" ForPet="0" TargetInCombat="false" Dispell="false" NoTarget="false" Combo="false" ETime="false" CTime="0" VTime="0" ELvl="false" CLvl="0" VLvl="0" C1="0" V1="0" C2="1" V2="60" C3="0" V3="0" UseShot="false" UseShotV="false"/>
    <Item_4 ObjEnabled="true" ObjType="1" ObjID="13032" Priority="0" BuffType="0" BuffName="" TargetList="" Distance="0" MinDist="0" OffParty="false" OffParty2="false" OffParty2V="0" BreakRelax="false" Delay="10" Delay2="0" DelayUse="false" InCombat="true" ForPet="0" TargetInCombat="false" Dispell="false" NoTarget="false" Combo="false" ETime="false" CTime="0" VTime="0" ELvl="false" CLvl="0" VLvl="0" C1="0" V1="0" C2="1" V2="80" C3="0" V3="0" UseShot="false" UseShotV="false"/>
    <Item_5 ObjEnabled="false" ObjType="1" ObjID="33640" Priority="4" BuffType="0" BuffName="" TargetList="" Distance="0" MinDist="0" OffParty="false" OffParty2="false" OffParty2V="0" BreakRelax="false" Delay="60" Delay2="0" DelayUse="false" InCombat="true" ForPet="0" TargetInCombat="false" Dispell="false" NoTarget="false" Combo="false" ETime="false" CTime="0" VTime="0" ELvl="false" CLvl="0" VLvl="0" C1="0" V1="0" C2="1" V2="10" C3="0" V3="0" UseShot="false" UseShotV=""/>
    <Item_6 ObjEnabled="true" ObjType="1" ObjID="1061" Priority="0" BuffType="0" BuffName="" TargetList="" Distance="0" MinDist="0" OffParty="false" OffParty2="false" OffParty2V="0" BreakRelax="false" Delay="0" Delay2="0" DelayUse="false" InCombat="true" ForPet="0" TargetInCombat="false" Dispell="false" NoTarget="false" Combo="false" ETime="false" CTime="0" VTime="0" ELvl="false" CLvl="0" VLvl="0" C1="0" V1="0" C2="1" V2="80" C3="0" V3="0" UseShot="false" UseShotV=""/>
  </SelfHeal>
  <Relax SkillUse="false" SkillName="" minHPUse="true" minHP="25" minMPUse="false" minMP="10" maxHPUse="true" maxHP="50" maxMpUse="true" maxMP="20" PauseUse="false" PauseV1="1" PauseV2="3" Pos1Use="false" Pos2Use="false" Pos3Use="false" Pos1X="0" Pos1Y="0" Pos1Z="0" Pos2X="0" Pos2Y="0" Pos2Z="0" Pos3X="0" Pos3Y="0" Pos3Z="0" RelaxParty="false" RelaxPartyV="" RelaxPartyV2="30" RelaxPartyV3="100" PartyStandAtk="true" SitTarg="false" SitTargV="5"/>
  <Death Resp="false" RespType="0" WaitResp="false" WaitRespV1="60" WaitRespV2="30" WaitFight="false" WaitFightV="10"/>
  <SelfBuff>
    <Item_0 ObjEnabled="true" ObjType="0" ObjID="30017" Priority="0" BuffType="1" BuffName="Идеальный Шторм; Squall;" TargetList="" Distance="0" MinDist="0" OffParty="false" OffParty2="false" OffParty2V="0" BreakRelax="false" Delay="10" Delay2="0" DelayUse="true" InCombat="true" ForPet="0" TargetInCombat="false" Dispell="false" NoTarget="false" Combo="false" ETime="true" CTime="0" VTime="40" ELvl="false" CLvl="0" VLvl="0" C1="0" V1="0" C2="0" V2="0" C3="0" V3="0" UseShot="false" UseShotV="false"/>
    <Item_1 ObjEnabled="true" ObjType="0" ObjID="30016" Priority="0" BuffType="1" BuffName="Око Шторма" TargetList="" Distance="0" MinDist="0" OffParty="false" OffParty2="false" OffParty2V="0" BreakRelax="false" Delay="10" Delay2="0" DelayUse="true" InCombat="true" ForPet="0" TargetInCombat="false" Dispell="false" NoTarget="false" Combo="false" ETime="false" CTime="0" VTime="40" ELvl="false" CLvl="0" VLvl="0" C1="1" V1="70" C2="0" V2="0" C3="0" V3="0" UseShot="false" UseShotV="false"/>
    <Item_2 ObjEnabled="true" ObjType="0" ObjID="30008" Priority="0" BuffType="1" BuffName="Приручение Ветра" TargetList="" Distance="0" MinDist="0" OffParty="false" OffParty2="false" OffParty2V="0" BreakRelax="false" Delay="10" Delay2="0" DelayUse="true" InCombat="true" ForPet="0" TargetInCombat="false" Dispell="false" NoTarget="false" Combo="false" ETime="false" CTime="0" VTime="40" ELvl="false" CLvl="0" VLvl="0" C1="1" V1="30" C2="0" V2="0" C3="0" V3="0" UseShot="false" UseShotV="false"/>
    <Item_3 ObjEnabled="true" ObjType="0" ObjID="30511" Priority="0" BuffType="1" BuffName="Гравитационный Прилив;Air Light;" TargetList="" Distance="0" MinDist="0" OffParty="false" OffParty2="false" OffParty2V="0" BreakRelax="false" Delay="1200" Delay2="0" DelayUse="true" InCombat="true" ForPet="0" TargetInCombat="false" Dispell="false" NoTarget="false" Combo="false" ETime="true" CTime="0" VTime="40" ELvl="false" CLvl="0" VLvl="0" C1="0" V1="0" C2="0" V2="0" C3="0" V3="0" UseShot="false" UseShotV="false"/>
    <Item_4 ObjEnabled="true" ObjType="0" ObjID="30020" Priority="0" BuffType="1" BuffName="Ярость Сайхи" TargetList="" Distance="0" MinDist="0" OffParty="false" OffParty2="false" OffParty2V="0" BreakRelax="false" Delay="10" Delay2="0" DelayUse="true" InCombat="true" ForPet="0" TargetInCombat="false" Dispell="false" NoTarget="false" Combo="false" ETime="false" CTime="0" VTime="0" ELvl="false" CLvl="0" VLvl="0" C1="1" V1="60" C2="0" V2="0" C3="0" V3="0" UseShot="false" UseShotV="false"/>
    <Item_5 ObjEnabled="true" ObjType="0" ObjID="30605" Priority="0" BuffType="1" BuffName="Аура Громовержца" TargetList="" Distance="0" MinDist="0" OffParty="false" OffParty2="false" OffParty2V="0" BreakRelax="false" Delay="10" Delay2="0" DelayUse="true" InCombat="true" ForPet="0" TargetInCombat="false" Dispell="false" NoTarget="true" Combo="false" ETime="false" CTime="0" VTime="0" ELvl="false" CLvl="0" VLvl="0" C1="0" V1="60" C2="0" V2="0" C3="0" V3="0" UseShot="false" UseShotV="false"/>
  </SelfBuff>
  <Party Invite="false" InviteList="" DropType="1" Accept="false" AcceptList="" Assist="false" AssistList="" ProtectMA="true" ProtectMAV="2" AttackType="0" ProtectParty="false" ProtectPartyList="" ProtectMyPet="false" ProtectMy="true" ProtectParty2="true" BreakRelax2="true" FollowMov="true" FollowList="" FollovMinDist="50" FollowMaxDist="250" FollowType="1" RelaxWith="false" RelaxWithList="" RelaxWithNear="false" LeavePL="false" ProtectByOne="true" FriendList="" AcceptResp="false" AcceptRespType="1" DlgAcceptList="" PauseBuff="false" PauseBuffList="" PauseBuffTime="30" DeathAcceptMy="false" PartyAcceptMy="true" RelaxStand="false" RelaxStandV="2" AssistDelay="false" AssistDelayV1="1000" AssistDelayV2="3000" PartyRnd="true" PartyRndV1="1" PartyRndV2="2" PartyRndV3="100" PartyRndV4="150" AssistLeader="true" FollowLeader="true"/>
  <PartyBuff/>
  <Fight>
    <Items>
      <Item_0 ObjEnabled="true" ObjType="0" ObjName="Hydro Attack" ObjID="30001" Priority="2" ObjRepeat="true" RepFail="false" Delay="0" Selector="false" TargetMOB="true" TargetNPC="false" TargetCHAR="true" TargetFiltr="1" TargetFiltrList="" FightShot="false" FightShotV="" MoveDist="true" BaseDist="true" BaseDistV="80" DistToTargV1="0" DistToTargV2="80" AgroInRange="false" MonInRangeC="0" MonInRangeR="150" MonInRangeV="0" MonInRangeT1="true" C1="0" V1="0" C2="0" V2="0" C3="0" V3="0" C4="0" V4="0"/>
      <Item_1 ObjEnabled="true" ObjType="0" ObjName="Air Rush" ObjID="30012" Priority="4" ObjRepeat="true" RepFail="false" Delay="0.5" Selector="false" TargetMOB="true" TargetNPC="false" TargetCHAR="true" TargetFiltr="1" TargetFiltrList="" FightShot="false" FightShotV="" MoveDist="true" BaseDist="false" BaseDistV="900" DistToTargV1="0" DistToTargV2="600" AgroInRange="false" MonInRangeC="0" MonInRangeR="150" MonInRangeV="0" MonInRangeT1="true" C1="3" V1="95" C2="0" V2="84" C3="0" V3="0" C4="0" V4="0"/>
      <Item_2 ObjEnabled="true" ObjType="4" ObjName="Attack" ObjID="2" Priority="0" ObjRepeat="true" RepFail="false" Delay="0" Selector="false" TargetMOB="true" TargetNPC="false" TargetCHAR="true" TargetFiltr="1" TargetFiltrList="" FightShot="false" FightShotV="" MoveDist="true" BaseDist="true" BaseDistV="75" DistToTargV1="0" DistToTargV2="75" AgroInRange="false" MonInRangeC="0" MonInRangeR="150" MonInRangeV="0" MonInRangeT1="true" C1="59" V1="15650" C2="0" V2="0" C3="0" V3="0" C4="0" V4="0"/>
      <Item_3 ObjEnabled="true" ObjType="0" ObjName="Lateral Hit" ObjID="30500" Priority="1" ObjRepeat="true" RepFail="false" Delay="1" Selector="false" TargetMOB="true" TargetNPC="false" TargetCHAR="true" TargetFiltr="1" TargetFiltrList="" FightShot="false" FightShotV="" MoveDist="true" BaseDist="true" BaseDistV="75" DistToTargV1="0" DistToTargV2="75" AgroInRange="false" MonInRangeC="0" MonInRangeR="150" MonInRangeV="0" MonInRangeT1="true" C1="57" V1="30500" C2="0" V2="0" C3="0" V3="0" C4="0" V4="0"/>
      <Item_4 ObjEnabled="true" ObjType="0" ObjName="Backspin Blow" ObjID="30501" Priority="1" ObjRepeat="true" RepFail="false" Delay="1" Selector="false" TargetMOB="true" TargetNPC="false" TargetCHAR="true" TargetFiltr="1" TargetFiltrList="" FightShot="false" FightShotV="" MoveDist="true" BaseDist="true" BaseDistV="75" DistToTargV1="0" DistToTargV2="75" AgroInRange="false" MonInRangeC="0" MonInRangeR="150" MonInRangeV="0" MonInRangeT1="true" C1="0" V1="0" C2="0" V2="0" C3="0" V3="0" C4="0" V4="0"/>
      <Item_5 ObjEnabled="true" ObjType="0" ObjName="Chin Strike" ObjID="30502" Priority="1" ObjRepeat="true" RepFail="false" Delay="1" Selector="false" TargetMOB="true" TargetNPC="false" TargetCHAR="true" TargetFiltr="1" TargetFiltrList="" FightShot="false" FightShotV="" MoveDist="true" BaseDist="true" BaseDistV="75" DistToTargV1="0" DistToTargV2="75" AgroInRange="false" MonInRangeC="0" MonInRangeR="150" MonInRangeV="0" MonInRangeT1="true" C1="0" V1="0" C2="0" V2="0" C3="0" V3="0" C4="0" V4="0"/>
      <Item_6 ObjEnabled="true" ObjType="0" ObjName="Left Sidestep" ObjID="30507" Priority="2" ObjRepeat="true" RepFail="false" Delay="0" Selector="false" TargetMOB="true" TargetNPC="false" TargetCHAR="true" TargetFiltr="1" TargetFiltrList="" FightShot="false" FightShotV="" MoveDist="true" BaseDist="true" BaseDistV="300" DistToTargV1="0" DistToTargV2="300" AgroInRange="false" MonInRangeC="0" MonInRangeR="150" MonInRangeV="0" MonInRangeT1="true" C1="1" V1="99" C2="0" V2="0" C3="0" V3="0" C4="0" V4="0"/>
      <Item_7 ObjEnabled="true" ObjType="0" ObjName="Right Sidestep" ObjID="30508" Priority="2" ObjRepeat="false" RepFail="false" Delay="0" Selector="false" TargetMOB="true" TargetNPC="false" TargetCHAR="true" TargetFiltr="1" TargetFiltrList="" FightShot="false" FightShotV="" MoveDist="false" BaseDist="false" BaseDistV="300" DistToTargV1="200" DistToTargV2="300" AgroInRange="false" MonInRangeC="0" MonInRangeR="150" MonInRangeV="0" MonInRangeT1="true" C1="3" V1="99" C2="0" V2="0" C3="0" V3="0" C4="0" V4="0"/>
      <Item_8 ObjEnabled="true" ObjType="0" ObjName="Hydro Flare" ObjID="30003" Priority="2" ObjRepeat="true" RepFail="false" Delay="0" Selector="false" TargetMOB="true" TargetNPC="false" TargetCHAR="false" TargetFiltr="1" TargetFiltrList="" FightShot="false" FightShotV="" MoveDist="true" BaseDist="true" BaseDistV="80" DistToTargV1="0" DistToTargV2="80" AgroInRange="false" MonInRangeC="0" MonInRangeR="150" MonInRangeV="0" MonInRangeT1="true" C1="0" V1="0" C2="0" V2="0" C3="0" V3="0" C4="0" V4="0"/>
      <Item_9 ObjEnabled="false" ObjType="0" ObjName="Threatening Wind" ObjID="30011" Priority="3" ObjRepeat="true" RepFail="false" Delay="0" Selector="false" TargetMOB="true" TargetNPC="false" TargetCHAR="false" TargetFiltr="1" TargetFiltrList="" FightShot="false" FightShotV="" MoveDist="true" BaseDist="true" BaseDistV="900" DistToTargV1="0" DistToTargV2="900" AgroInRange="false" MonInRangeC="0" MonInRangeR="150" MonInRangeV="0" MonInRangeT1="true" C1="0" V1="0" C2="0" V2="0" C3="0" V3="0" C4="0" V4="0"/>
      <Item_10 ObjEnabled="true" ObjType="0" ObjName="Hydro Strike" ObjID="30004" Priority="0" ObjRepeat="true" RepFail="false" Delay="0" Selector="false" TargetMOB="true" TargetNPC="false" TargetCHAR="false" TargetFiltr="1" TargetFiltrList="" FightShot="false" FightShotV="" MoveDist="true" BaseDist="true" BaseDistV="80" DistToTargV1="0" DistToTargV2="75" AgroInRange="false" MonInRangeC="0" MonInRangeR="150" MonInRangeV="0" MonInRangeT1="true" C1="58" V1="19227" C2="0" V2="0" C3="0" V3="0" C4="0" V4="0"/>
      <Item_11 ObjEnabled="true" ObjType="0" ObjName="Storm Rage" ObjID="30006" Priority="4" ObjRepeat="true" RepFail="false" Delay="0" Selector="false" TargetMOB="true" TargetNPC="false" TargetCHAR="false" TargetFiltr="1" TargetFiltrList="" FightShot="false" FightShotV="" MoveDist="true" BaseDist="true" BaseDistV="75" DistToTargV1="0" DistToTargV2="75" AgroInRange="false" MonInRangeC="2" MonInRangeR="250" MonInRangeV="2" MonInRangeT1="true" C1="0" V1="0" C2="0" V2="0" C3="0" V3="0" C4="0" V4="0"/>
      <Item_12 ObjEnabled="true" ObjType="0" ObjName="Sayha's Word" ObjID="30019" Priority="3" ObjRepeat="true" RepFail="false" Delay="0" Selector="false" TargetMOB="true" TargetNPC="false" TargetCHAR="false" TargetFiltr="1" TargetFiltrList="" FightShot="false" FightShotV="" MoveDist="true" BaseDist="true" BaseDistV="80" DistToTargV1="0" DistToTargV2="80" AgroInRange="false" MonInRangeC="0" MonInRangeR="150" MonInRangeV="0" MonInRangeT1="true" C1="3" V1="60" C2="0" V2="0" C3="0" V3="0" C4="0" V4="0"/>
    </Items>
  </Fight>
  <Path MapZoneName="C:\Users\pc\YandexDisk\Updater\Settings\" PathType="5" PathX="0" PathY="0" PathZ="0" PathR1="5000" ZLimit="true" ZLimitV="350" Return="true" ReturnV="60" AttackInRangeOnly="true" IsCircle="false" ZByUser="true" CAtkV="2" Evs="true" EvsTimeOut="1500" EvsBackV1="30" EvsBackV2="50" EvsSideV1="100" EvsSideV2="100">
    <Points/>
  </Path>
  <Mons NoAtkInCombat="true" NoAtkInTarget="false" FullCombat="true" TargetDelay="false" TargetDelayV1="200" TargetDelayV2="1000" FindAgro="true" FindTargetMe="true" MonsFindNear="false" SkeepTarget="false" SkeepRange="true" SkeepRangeV="300" SkeepRange2="false" SkeepRange2V="100" SkeepChamp="false" SkeepChamp2="false" SkeepChampV="10000" SkeepHP="true" SkeepHPV1="30" SkeepHPV2="7" SkeepHPV3="3" SkeepInv="true" SkeepInvV="3" ProtectPVP="true" AttackPK="true" AttackPVP="true" AttackPVPR="1500" NoAtkPVP="true" MonsFriends="true" MonsMapNear="false" NoAtkLvl1="false" NoAtkLvlV1="3" NoAtkLvl2="false" NoAtkLvlV2="3" NoAtkResp="false" NoAtkRespV="5" NoAtkTitle="true" NoAtkTitleV="ВНИМАНИЕ АНТИБОТ, ANTIBOT" C1="11" C2="23" V1="50" V2="3"/>
  <Drop PickUp="true" PickUpRange="300" ZLimit="true" ZLimitR="100" OnlyMy="false" OnlyInCZ="true" DropTime="15" TimeOut="10"/>
  <Shot AutoShot="true" Extract1="false" Extract2="false" Extract3="false" ExtractName1="" ExtractName2="" ExtractName3="" ExtractItem1="" ExtractItem2="" ExtractItem3="" ExtractItem4="" ExtractCount1="1500" ExtractCount2="1500" ExtractCount3="1500" ExtractCount4="0" ExtractDelay1="0" ExtractDelay2="0" ExtractDelay3="0" Fishing="false" FishBreak="true" FishExtract="false" FishMov="false" FishInv="false" FishMTime="15" FishShots="true" FishMovC1="false" FishMovC2="true" FishTrigger="true" FishRelog="false" FishRelogV2="10" F1X1="0" F1Y1="0" F1Z1="0" F1X2="0" F1Y2="0" F1Z2="0" F2X1="0" F2Y1="0" F2Z1="0" F2X2="0" F2Y2="0" F2Z2="0" Craft="false" CraftList="1,2,3" CraftMP="5" CraftWeight="80" CraftDelay="1000" CancelCast="true" NpcTargetPoint="false" NpcRandomMove="true" NpcRandomV1="2" NpcRandomV2="3" NpcRandomV3="30" NpcRandomV4="130" UseGround="false" GroundX="0" GroundY="0" GroundZ="0"/>
  <Event>
    <Item_0 ObjEnabled="true" ObjName="Атакован игроком" ObjType="2" Name="" ID="0" Delay="5" ForPet="false" ForMy="false" Drop="false" Filter="false" Filter2="false" FilterV="" FilterV2="" FilterType="1" FilterSkeepPK="false" NoGroup="true" E1="false" E2="false" E3="false" C1="0" C2="0" C3="0" C4="0" V1="0" V2="0" V3="0" V4="0" ZoneType="1" Range="1000" ZRange="500" PathX="0" PathY="0" PathZ="0" PlaySound="false" PlaySoundV="" FlashBot="false" FlashGame="true" ShowBot="false" ShowMain="false" ExitGame="false" StopBot="false" StopBotV="60" AgroFight="false" ExitToPanel="false" BackToGame="false" BackToGameV="300" Say="false" SayV=" поищи другое место, это мой спот, свали, .!., здесь занято, занято" UseItem="false" UseItemV="" UseSkill="false" UseSkillV="" ChatCMD="false" ChatCMDV="/unstuck" BefDelay="false" BefDelayV1="3" BefDelayV2="5" SitCmd="false"/>
    <Item_1 ObjEnabled="false" ObjName="EXP" ObjType="7" Name="" ID="0" Delay="5" ForPet="false" ForMy="false" Drop="false" Filter="false" Filter2="false" FilterV="" FilterV2="" FilterType="0" FilterSkeepPK="false" NoGroup="false" E1="true" E2="false" E3="false" C1="0" C2="0" C3="0" C4="0" V1="300" V2="0" V3="0" V4="0" ZoneType="1" Range="1000" ZRange="500" PathX="0" PathY="0" PathZ="0" PlaySound="false" PlaySoundV="" FlashBot="false" FlashGame="true" ShowBot="false" ShowMain="false" ExitGame="false" StopBot="false" StopBotV="60" AgroFight="false" ExitToPanel="false" BackToGame="false" BackToGameV="300" Say="false" SayV=" поищи другое место, это мой спот, свали, .!., здесь занято, занято" UseItem="false" UseItemV="" UseSkill="false" UseSkillV="" ChatCMD="false" ChatCMDV="/unstuck" BefDelay="false" BefDelayV1="3" BefDelayV2="5" SitCmd="false"/>
    <Item_2 ObjEnabled="true" ObjName="Значения [CP/HP/MP]" ObjType="3" Name="" ID="0" Delay="5" ForPet="false" ForMy="false" Drop="false" Filter="false" Filter2="false" FilterV="" FilterV2="" FilterType="0" FilterSkeepPK="false" NoGroup="false" E1="false" E2="false" E3="false" C1="1" C2="0" C3="0" C4="0" V1="25" V2="0" V3="0" V4="0" ZoneType="1" Range="1000" ZRange="500" PathX="0" PathY="0" PathZ="0" PlaySound="false" PlaySoundV="" FlashBot="false" FlashGame="true" ShowBot="false" ShowMain="false" ExitGame="false" StopBot="false" StopBotV="60" AgroFight="false" ExitToPanel="false" BackToGame="false" BackToGameV="300" Say="false" SayV=" поищи другое место, это мой спот, свали, .!., здесь занято, занято" UseItem="false" UseItemV="" UseSkill="false" UseSkillV="" ChatCMD="false" ChatCMDV="/unstuck" BefDelay="false" BefDelayV1="3" BefDelayV2="5" SitCmd="false"/>
    <Item_3 ObjEnabled="true" ObjName="Бафы" ObjType="9" Name="" ID="0" Delay="5" ForPet="false" ForMy="false" Drop="false" Filter="false" Filter2="true" FilterV="" FilterV2="" FilterType="0" FilterSkeepPK="false" NoGroup="false" E1="false" E2="false" E3="false" C1="0" C2="0" C3="0" C4="0" V1="0" V2="0" V3="0" V4="0" ZoneType="1" Range="1000" ZRange="500" PathX="0" PathY="0" PathZ="0" PlaySound="false" PlaySoundV="" FlashBot="false" FlashGame="false" ShowBot="false" ShowMain="false" ExitGame="false" StopBot="false" StopBotV="60" AgroFight="false" ExitToPanel="false" BackToGame="false" BackToGameV="300" Say="false" SayV=" поищи другое место, это мой спот, свали, .!., здесь занято, занято" UseItem="false" UseItemV="" UseSkill="false" UseSkillV="" ChatCMD="false" ChatCMDV="/unstuck" BefDelay="false" BefDelayV1="3" BefDelayV2="5" SitCmd="false"/>
    <Item_4 ObjEnabled="true" ObjName="Телепорт" ObjType="10" Name="" ID="0" Delay="5" ForPet="false" ForMy="false" Drop="false" Filter="false" Filter2="false" FilterV="" FilterV2="" FilterType="0" FilterSkeepPK="false" NoGroup="false" E1="true" E2="true" E3="false" C1="0" C2="0" C3="0" C4="0" V1="300" V2="0" V3="0" V4="0" ZoneType="1" Range="1000" ZRange="500" PathX="0" PathY="0" PathZ="0" PlaySound="false" PlaySoundV="" FlashBot="false" FlashGame="false" ShowBot="false" ShowMain="false" ExitGame="false" StopBot="false" StopBotV="60" AgroFight="false" ExitToPanel="false" BackToGame="false" BackToGameV="300" Say="false" SayV=" поищи другое место, это мой спот, свали, .!., здесь занято, занято" UseItem="false" UseItemV="" UseSkill="false" UseSkillV="" ChatCMD="false" ChatCMDV="/unstuck" BefDelay="false" BefDelayV1="3" BefDelayV2="5" SitCmd="false"/>
    <Item_5 ObjEnabled="true" ObjName="Чат" ObjType="6" Name="" ID="0" Delay="5" ForPet="false" ForMy="false" Drop="false" Filter="false" Filter2="false" FilterV="" FilterV2="" FilterType="1" FilterSkeepPK="false" NoGroup="true" E1="false" E2="false" E3="false" C1="0" C2="0" C3="0" C4="0" V1="0" V2="0" V3="0" V4="0" ZoneType="1" Range="1000" ZRange="500" PathX="0" PathY="0" PathZ="0" PlaySound="false" PlaySoundV="" FlashBot="false" FlashGame="false" ShowBot="false" ShowMain="false" ExitGame="false" StopBot="false" StopBotV="60" AgroFight="false" ExitToPanel="false" BackToGame="false" BackToGameV="300" Say="false" SayV=" поищи другое место, это мой спот, свали, .!., здесь занято, занято" UseItem="false" UseItemV="" UseSkill="false" UseSkillV="" ChatCMD="false" ChatCMDV="/unstuck" BefDelay="false" BefDelayV1="3" BefDelayV2="5" SitCmd="false"/>
  </Event>
  <Navi/>
  <NpcFilter>
    <Item_0 ObjType="0" ID="27530" FAction="0" FPriority="1" FPriority2="1" FAtkAlone="false" FAtkAloneV1="400" FAtkAloneC="0" FAtkAloneV2="3" FDodge="false" FDodgeV="300" FCAtk="true" FPosition="false" FPosX="0" FPosY="0" FPosZ="0" FPosR="0" FC="0" FV="0" NPCFV2=""/>
    <Item_1 ObjType="0" ID="20215" FAction="1" FPriority="0" FPriority2="0" FAtkAlone="false" FAtkAloneV1="400" FAtkAloneC="0" FAtkAloneV2="3" FDodge="false" FDodgeV="300" FCAtk="false" FPosition="false" FPosX="0" FPosY="0" FPosZ="0" FPosR="0" FC="0" FV="0" NPCFV2=""/>
    <Item_2 ObjType="0" ID="21035" FAction="1" FPriority="0" FPriority2="0" FAtkAlone="false" FAtkAloneV1="400" FAtkAloneC="0" FAtkAloneV2="3" FDodge="false" FDodgeV="300" FCAtk="false" FPosition="false" FPosX="0" FPosY="0" FPosZ="0" FPosR="0" FC="0" FV="0" NPCFV2=""/>
    <Item_3 ObjType="0" ID="25421" FAction="0" FPriority="1" FPriority2="1" FAtkAlone="false" FAtkAloneV1="400" FAtkAloneC="0" FAtkAloneV2="3" FDodge="false" FDodgeV="300" FCAtk="false" FPosition="false" FPosX="0" FPosY="0" FPosZ="0" FPosR="0" FC="0" FV="0" NPCFV2=""/>
    <Item_4 ObjType="0" ID="25422" FAction="0" FPriority="1" FPriority2="1" FAtkAlone="false" FAtkAloneV1="400" FAtkAloneC="0" FAtkAloneV2="3" FDodge="false" FDodgeV="300" FCAtk="false" FPosition="false" FPosX="0" FPosY="0" FPosZ="0" FPosR="0" FC="0" FV="0" NPCFV2=""/>
    <Item_5 ObjType="0" ID="25420" FAction="0" FPriority="1" FPriority2="1" FAtkAlone="false" FAtkAloneV1="400" FAtkAloneC="0" FAtkAloneV2="3" FDodge="false" FDodgeV="300" FCAtk="false" FPosition="false" FPosX="0" FPosY="0" FPosZ="0" FPosR="0" FC="0" FV="0" NPCFV2=""/>
    <Item_6 ObjType="0" ID="18693" FAction="1" FPriority="1" FPriority2="2" FAtkAlone="false" FAtkAloneV1="400" FAtkAloneC="0" FAtkAloneV2="3" FDodge="false" FDodgeV="300" FCAtk="false" FPosition="false" FPosX="0" FPosY="0" FPosZ="0" FPosR="0" FC="0" FV="0" NPCFV2=""/>
    <Item_7 ObjType="0" ID="20972" FAction="1" FPriority="2" FPriority2="1" FAtkAlone="false" FAtkAloneV1="400" FAtkAloneC="0" FAtkAloneV2="3" FDodge="false" FDodgeV="300" FCAtk="false" FPosition="false" FPosX="0" FPosY="0" FPosZ="0" FPosR="0" FC="0" FV="0" NPCFV2=""/>
    <Item_8 ObjType="0" ID="27512" FAction="1" FPriority="2" FPriority2="2" FAtkAlone="false" FAtkAloneV1="400" FAtkAloneC="0" FAtkAloneV2="3" FDodge="false" FDodgeV="300" FCAtk="false" FPosition="false" FPosX="0" FPosY="0" FPosZ="0" FPosR="0" FC="0" FV="0" NPCFV2=""/>
    <Item_9 ObjType="0" ID="21329" FAction="1" FPriority="1" FPriority2="1" FAtkAlone="false" FAtkAloneV1="400" FAtkAloneC="0" FAtkAloneV2="3" FDodge="false" FDodgeV="300" FCAtk="false" FPosition="false" FPosX="0" FPosY="0" FPosZ="0" FPosR="0" FC="0" FV="0" NPCFV2=""/>
    <Item_10 ObjType="0" ID="21345" FAction="1" FPriority="1" FPriority2="1" FAtkAlone="false" FAtkAloneV1="400" FAtkAloneC="0" FAtkAloneV2="3" FDodge="false" FDodgeV="300" FCAtk="false" FPosition="false" FPosX="0" FPosY="0" FPosZ="0" FPosR="0" FC="0" FV="0" NPCFV2=""/>
    <Item_11 ObjType="0" ID="21342" FAction="1" FPriority="1" FPriority2="1" FAtkAlone="false" FAtkAloneV1="400" FAtkAloneC="0" FAtkAloneV2="3" FDodge="false" FDodgeV="300" FCAtk="false" FPosition="false" FPosX="0" FPosY="0" FPosZ="0" FPosR="0" FC="0" FV="0" NPCFV2=""/>
    <Item_12 ObjType="0" ID="21357" FAction="1" FPriority="1" FPriority2="1" FAtkAlone="false" FAtkAloneV1="400" FAtkAloneC="0" FAtkAloneV2="3" FDodge="false" FDodgeV="300" FCAtk="false" FPosition="false" FPosX="0" FPosY="0" FPosZ="0" FPosR="0" FC="0" FV="0" NPCFV2=""/>
    <Item_13 ObjType="0" ID="21360" FAction="1" FPriority="1" FPriority2="1" FAtkAlone="false" FAtkAloneV1="400" FAtkAloneC="0" FAtkAloneV2="3" FDodge="false" FDodgeV="300" FCAtk="false" FPosition="false" FPosX="0" FPosY="0" FPosZ="0" FPosR="0" FC="0" FV="0" NPCFV2=""/>
    <Item_14 ObjType="0" ID="21355" FAction="1" FPriority="1" FPriority2="1" FAtkAlone="false" FAtkAloneV1="400" FAtkAloneC="0" FAtkAloneV2="3" FDodge="false" FDodgeV="300" FCAtk="false" FPosition="false" FPosX="0" FPosY="0" FPosZ="0" FPosR="0" FC="0" FV="0" NPCFV2=""/>
    <Item_15 ObjType="0" ID="23456" FAction="1" FPriority="2" FPriority2="2" FAtkAlone="false" FAtkAloneV1="400" FAtkAloneC="0" FAtkAloneV2="3" FDodge="false" FDodgeV="300" FCAtk="false" FPosition="false" FPosX="0" FPosY="0" FPosZ="0" FPosR="0" FC="0" FV="0" NPCFV2=""/>
    <Item_16 ObjType="0" ID="27511" FAction="1" FPriority="2" FPriority2="2" FAtkAlone="false" FAtkAloneV1="400" FAtkAloneC="0" FAtkAloneV2="3" FDodge="false" FDodgeV="300" FCAtk="false" FPosition="false" FPosX="0" FPosY="0" FPosZ="0" FPosR="0" FC="0" FV="0" NPCFV2=""/>
    <Item_17 ObjType="0" ID="23458" FAction="1" FPriority="1" FPriority2="1" FAtkAlone="false" FAtkAloneV1="400" FAtkAloneC="0" FAtkAloneV2="3" FDodge="false" FDodgeV="300" FCAtk="false" FPosition="false" FPosX="0" FPosY="0" FPosZ="0" FPosR="0" FC="0" FV="0" NPCFV2=""/>
    <Item_18 ObjType="0" ID="23457" FAction="1" FPriority="1" FPriority2="1" FAtkAlone="false" FAtkAloneV1="400" FAtkAloneC="0" FAtkAloneV2="3" FDodge="false" FDodgeV="300" FCAtk="false" FPosition="false" FPosX="0" FPosY="0" FPosZ="0" FPosR="0" FC="0" FV="0" NPCFV2=""/>
    <Item_19 ObjType="0" ID="23422" FAction="0" FPriority="2" FPriority2="1" FAtkAlone="false" FAtkAloneV1="400" FAtkAloneC="0" FAtkAloneV2="3" FDodge="false" FDodgeV="300" FCAtk="true" FPosition="false" FPosX="0" FPosY="0" FPosZ="0" FPosR="0" FC="0" FV="0" NPCFV2=""/>
    <Item_20 ObjType="0" ID="20494" FAction="1" FPriority="0" FPriority2="0" FAtkAlone="false" FAtkAloneV1="400" FAtkAloneC="0" FAtkAloneV2="3" FDodge="false" FDodgeV="300" FCAtk="false" FPosition="false" FPosX="0" FPosY="0" FPosZ="0" FPosR="0" FC="0" FV="0" NPCFV2=""/>
    <Item_21 ObjType="0" ID="23417" FAction="0" FPriority="3" FPriority2="3" FAtkAlone="false" FAtkAloneV1="400" FAtkAloneC="0" FAtkAloneV2="3" FDodge="false" FDodgeV="300" FCAtk="true" FPosition="false" FPosX="0" FPosY="0" FPosZ="0" FPosR="0" FC="0" FV="0" NPCFV2=""/>
    <Item_22 ObjType="0" ID="23420" FAction="0" FPriority="3" FPriority2="3" FAtkAlone="false" FAtkAloneV1="400" FAtkAloneC="0" FAtkAloneV2="3" FDodge="false" FDodgeV="300" FCAtk="true" FPosition="false" FPosX="0" FPosY="0" FPosZ="0" FPosR="0" FC="0" FV="0" NPCFV2=""/>
    <Item_23 ObjType="0" ID="21334" FAction="1" FPriority="2" FPriority2="2" FAtkAlone="false" FAtkAloneV1="400" FAtkAloneC="0" FAtkAloneV2="3" FDodge="false" FDodgeV="300" FCAtk="false" FPosition="false" FPosX="0" FPosY="0" FPosZ="0" FPosR="0" FC="0" FV="0" NPCFV2=""/>
    <Item_24 ObjType="0" ID="20976" FAction="1" FPriority="2" FPriority2="2" FAtkAlone="false" FAtkAloneV1="400" FAtkAloneC="0" FAtkAloneV2="3" FDodge="false" FDodgeV="300" FCAtk="false" FPosition="false" FPosX="0" FPosY="0" FPosZ="0" FPosR="0" FC="0" FV="0" NPCFV2=""/>
    <Item_25 ObjType="0" ID="20975" FAction="1" FPriority="2" FPriority2="2" FAtkAlone="false" FAtkAloneV1="400" FAtkAloneC="0" FAtkAloneV2="3" FDodge="false" FDodgeV="300" FCAtk="false" FPosition="false" FPosX="0" FPosY="0" FPosZ="0" FPosR="0" FC="0" FV="0" NPCFV2=""/>
    <Item_26 ObjType="0" ID="20974" FAction="1" FPriority="2" FPriority2="2" FAtkAlone="false" FAtkAloneV1="400" FAtkAloneC="0" FAtkAloneV2="3" FDodge="false" FDodgeV="300" FCAtk="false" FPosition="false" FPosX="0" FPosY="0" FPosZ="0" FPosR="0" FC="0" FV="0" NPCFV2=""/>
    <Item_27 ObjType="0" ID="21002" FAction="1" FPriority="2" FPriority2="2" FAtkAlone="false" FAtkAloneV1="400" FAtkAloneC="0" FAtkAloneV2="3" FDodge="false" FDodgeV="300" FCAtk="false" FPosition="false" FPosX="0" FPosY="0" FPosZ="0" FPosR="0" FC="0" FV="0" NPCFV2=""/>
    <Item_28 ObjType="0" ID="21005" FAction="1" FPriority="2" FPriority2="2" FAtkAlone="false" FAtkAloneV1="400" FAtkAloneC="0" FAtkAloneV2="3" FDodge="false" FDodgeV="300" FCAtk="false" FPosition="false" FPosX="0" FPosY="0" FPosZ="0" FPosR="0" FC="0" FV="0" NPCFV2=""/>
    <Item_29 ObjType="0" ID="21004" FAction="1" FPriority="2" FPriority2="2" FAtkAlone="false" FAtkAloneV1="400" FAtkAloneC="0" FAtkAloneV2="3" FDodge="false" FDodgeV="300" FCAtk="false" FPosition="false" FPosX="0" FPosY="0" FPosZ="0" FPosR="0" FC="0" FV="0" NPCFV2=""/>
    <Item_30 ObjType="0" ID="21003" FAction="1" FPriority="2" FPriority2="2" FAtkAlone="false" FAtkAloneV1="400" FAtkAloneC="0" FAtkAloneV2="3" FDodge="false" FDodgeV="300" FCAtk="false" FPosition="false" FPosX="0" FPosY="0" FPosZ="0" FPosR="0" FC="0" FV="0" NPCFV2=""/>
    <Item_31 ObjType="0" ID="21001" FAction="1" FPriority="2" FPriority2="2" FAtkAlone="false" FAtkAloneV1="400" FAtkAloneC="0" FAtkAloneV2="3" FDodge="false" FDodgeV="300" FCAtk="false" FPosition="false" FPosX="0" FPosY="0" FPosZ="0" FPosR="0" FC="0" FV="0" NPCFV2=""/>
    <Item_32 ObjType="0" ID="21582" FAction="0" FPriority="1" FPriority2="1" FAtkAlone="false" FAtkAloneV1="400" FAtkAloneC="0" FAtkAloneV2="3" FDodge="false" FDodgeV="300" FCAtk="true" FPosition="false" FPosX="0" FPosY="0" FPosZ="0" FPosR="0" FC="0" FV="0" NPCFV2=""/>
    <Item_33 ObjType="0" ID="21595" FAction="0" FPriority="1" FPriority2="1" FAtkAlone="false" FAtkAloneV1="400" FAtkAloneC="0" FAtkAloneV2="3" FDodge="false" FDodgeV="300" FCAtk="true" FPosition="false" FPosX="0" FPosY="0" FPosZ="0" FPosR="0" FC="0" FV="0" NPCFV2=""/>
    <Item_34 ObjType="0" ID="21589" FAction="0" FPriority="1" FPriority2="1" FAtkAlone="false" FAtkAloneV1="400" FAtkAloneC="0" FAtkAloneV2="3" FDodge="false" FDodgeV="300" FCAtk="true" FPosition="false" FPosX="0" FPosY="0" FPosZ="0" FPosR="0" FC="0" FV="0" NPCFV2=""/>
    <Item_35 ObjType="0" ID="21586" FAction="0" FPriority="1" FPriority2="1" FAtkAlone="false" FAtkAloneV1="400" FAtkAloneC="0" FAtkAloneV2="3" FDodge="false" FDodgeV="300" FCAtk="true" FPosition="false" FPosX="0" FPosY="0" FPosZ="0" FPosR="0" FC="0" FV="0" NPCFV2=""/>
    <Item_36 ObjType="0" ID="21585" FAction="0" FPriority="1" FPriority2="1" FAtkAlone="false" FAtkAloneV1="400" FAtkAloneC="0" FAtkAloneV2="3" FDodge="false" FDodgeV="300" FCAtk="true" FPosition="false" FPosX="0" FPosY="0" FPosZ="0" FPosR="0" FC="0" FV="0" NPCFV2=""/>
    <Item_37 ObjType="0" ID="21588" FAction="0" FPriority="1" FPriority2="1" FAtkAlone="false" FAtkAloneV1="400" FAtkAloneC="0" FAtkAloneV2="3" FDodge="false" FDodgeV="300" FCAtk="true" FPosition="false" FPosX="0" FPosY="0" FPosZ="0" FPosR="0" FC="0" FV="0" NPCFV2=""/>
    <Item_38 ObjType="0" ID="21587" FAction="0" FPriority="1" FPriority2="1" FAtkAlone="false" FAtkAloneV1="400" FAtkAloneC="0" FAtkAloneV2="3" FDodge="false" FDodgeV="300" FCAtk="true" FPosition="false" FPosX="0" FPosY="0" FPosZ="0" FPosR="0" FC="0" FV="0" NPCFV2=""/>
  </NpcFilter>
  <ItemFilter>
    <Item_0 ObjType="0" ID="8155" FGrade="0" FPickup="true" FInFight="true" FFightR="150" FNpc="false" FNpcV="3" FNpcAgro="false" PCount="false" PCountV="0" PCond="5" PCondV="90" PLoad="false" PLoadV="55" FDel="false" FDelC="false" FDelCV="0" FDelL="false" FDelLV="54" FPrior="0"/>
    <Item_1 ObjType="0" ID="8603" FGrade="0" FPickup="true" FInFight="true" FFightR="150" FNpc="false" FNpcV="3" FNpcAgro="false" PCount="false" PCountV="0" PCond="5" PCondV="90" PLoad="false" PLoadV="55" FDel="false" FDelC="false" FDelCV="0" FDelL="false" FDelLV="54" FPrior="0"/>
    <Item_2 ObjType="0" ID="8604" FGrade="0" FPickup="true" FInFight="true" FFightR="150" FNpc="false" FNpcV="3" FNpcAgro="false" PCount="false" PCountV="0" PCond="5" PCondV="90" PLoad="false" PLoadV="55" FDel="false" FDelC="false" FDelCV="0" FDelL="false" FDelLV="54" FPrior="0"/>
    <Item_3 ObjType="0" ID="8605" FGrade="0" FPickup="true" FInFight="true" FFightR="150" FNpc="false" FNpcV="3" FNpcAgro="false" PCount="false" PCountV="0" PCond="5" PCondV="90" PLoad="false" PLoadV="55" FDel="false" FDelC="false" FDelCV="0" FDelL="false" FDelLV="54" FPrior="0"/>
    <Item_4 ObjType="0" ID="8953" FGrade="0" FPickup="true" FInFight="true" FFightR="150" FNpc="false" FNpcV="3" FNpcAgro="false" PCount="false" PCountV="0" PCond="5" PCondV="90" PLoad="false" PLoadV="55" FDel="false" FDelC="false" FDelCV="0" FDelL="false" FDelLV="54" FPrior="0"/>
    <Item_5 ObjType="0" ID="10433" FGrade="0" FPickup="true" FInFight="true" FFightR="150" FNpc="false" FNpcV="3" FNpcAgro="false" PCount="false" PCountV="0" PCond="5" PCondV="90" PLoad="false" PLoadV="55" FDel="false" FDelC="false" FDelCV="0" FDelL="false" FDelLV="54" FPrior="0"/>
    <Item_6 ObjType="0" ID="34849" FGrade="0" FPickup="true" FInFight="true" FFightR="150" FNpc="false" FNpcV="3" FNpcAgro="false" PCount="false" PCountV="1" PCond="0" PCondV="0" PLoad="false" PLoadV="55" FDel="false" FDelC="false" FDelCV="0" FDelL="false" FDelLV="54" FPrior="0"/>
    <Item_7 ObjType="0" ID="34850" FGrade="0" FPickup="true" FInFight="true" FFightR="150" FNpc="false" FNpcV="3" FNpcAgro="false" PCount="false" PCountV="1" PCond="0" PCondV="0" PLoad="false" PLoadV="55" FDel="false" FDelC="false" FDelCV="0" FDelL="false" FDelLV="54" FPrior="0"/>
    <Item_8 ObjType="0" ID="1539" FGrade="0" FPickup="true" FInFight="false" FFightR="150" FNpc="false" FNpcV="3" FNpcAgro="false" PCount="false" PCountV="1" PCond="0" PCondV="0" PLoad="false" PLoadV="55" FDel="false" FDelC="false" FDelCV="0" FDelL="false" FDelLV="54" FPrior="0"/>
    <Item_9 ObjType="0" ID="8154" FGrade="0" FPickup="true" FInFight="true" FFightR="350" FNpc="false" FNpcV="3" FNpcAgro="false" PCount="false" PCountV="1" PCond="1" PCondV="90" PLoad="false" PLoadV="55" FDel="false" FDelC="false" FDelCV="0" FDelL="false" FDelLV="54" FPrior="0"/>
    <Item_10 ObjType="0" ID="8600" FGrade="0" FPickup="true" FInFight="true" FFightR="150" FNpc="false" FNpcV="3" FNpcAgro="false" PCount="false" PCountV="1" PCond="1" PCondV="90" PLoad="false" PLoadV="55" FDel="false" FDelC="false" FDelCV="0" FDelL="false" FDelLV="54" FPrior="0"/>
    <Item_11 ObjType="0" ID="8601" FGrade="0" FPickup="true" FInFight="true" FFightR="150" FNpc="false" FNpcV="3" FNpcAgro="false" PCount="false" PCountV="1" PCond="1" PCondV="90" PLoad="false" PLoadV="55" FDel="false" FDelC="false" FDelCV="0" FDelL="false" FDelLV="54" FPrior="0"/>
    <Item_12 ObjType="0" ID="8602" FGrade="0" FPickup="true" FInFight="true" FFightR="150" FNpc="false" FNpcV="3" FNpcAgro="false" PCount="false" PCountV="1" PCond="1" PCondV="90" PLoad="false" PLoadV="55" FDel="false" FDelC="false" FDelCV="0" FDelL="false" FDelLV="54" FPrior="0"/>
    <Item_13 ObjType="0" ID="8952" FGrade="0" FPickup="true" FInFight="true" FFightR="150" FNpc="false" FNpcV="3" FNpcAgro="false" PCount="false" PCountV="1" PCond="1" PCondV="90" PLoad="false" PLoadV="55" FDel="false" FDelC="false" FDelCV="0" FDelL="false" FDelLV="54" FPrior="0"/>
    <Item_14 ObjType="0" ID="10432" FGrade="0" FPickup="true" FInFight="true" FFightR="150" FNpc="false" FNpcV="3" FNpcAgro="false" PCount="false" PCountV="1" PCond="1" PCondV="90" PLoad="false" PLoadV="55" FDel="false" FDelC="false" FDelCV="0" FDelL="false" FDelLV="54" FPrior="0"/>
    <Item_15 ObjType="0" ID="10655" FGrade="0" FPickup="true" FInFight="true" FFightR="150" FNpc="false" FNpcV="3" FNpcAgro="false" PCount="false" PCountV="1" PCond="0" PCondV="0" PLoad="false" PLoadV="55" FDel="false" FDelC="false" FDelCV="0" FDelL="false" FDelLV="54" FPrior="0"/>
    <Item_16 ObjType="0" ID="57" FGrade="0" FPickup="false" FInFight="false" FFightR="150" FNpc="false" FNpcV="3" FNpcAgro="false" PCount="false" PCountV="0" PCond="0" PCondV="0" PLoad="false" PLoadV="55" FDel="false" FDelC="false" FDelCV="0" FDelL="false" FDelLV="54" FPrior="0"/>
    <Item_17 ObjType="2" ID="8" FGrade="0" FPickup="false" FInFight="false" FFightR="150" FNpc="false" FNpcV="3" FNpcAgro="false" PCount="false" PCountV="1" PCond="0" PCondV="0" PLoad="false" PLoadV="55" FDel="false" FDelC="false" FDelCV="0" FDelL="false" FDelLV="54" FPrior="0"/>
    <Item_18 ObjType="2" ID="9" FGrade="0" FPickup="false" FInFight="false" FFightR="150" FNpc="false" FNpcV="3" FNpcAgro="false" PCount="false" PCountV="1" PCond="0" PCondV="0" PLoad="false" PLoadV="55" FDel="false" FDelC="false" FDelCV="0" FDelL="false" FDelLV="54" FPrior="0"/>
    <Item_19 ObjType="2" ID="12" FGrade="0" FPickup="false" FInFight="false" FFightR="150" FNpc="false" FNpcV="3" FNpcAgro="false" PCount="false" PCountV="1" PCond="0" PCondV="0" PLoad="false" PLoadV="55" FDel="false" FDelC="false" FDelCV="0" FDelL="false" FDelLV="54" FPrior="0"/>
    <Item_20 ObjType="2" ID="14" FGrade="0" FPickup="false" FInFight="false" FFightR="150" FNpc="false" FNpcV="3" FNpcAgro="false" PCount="false" PCountV="1" PCond="0" PCondV="0" PLoad="false" PLoadV="55" FDel="false" FDelC="false" FDelCV="0" FDelL="false" FDelLV="54" FPrior="0"/>
    <Item_21 ObjType="2" ID="20" FGrade="0" FPickup="false" FInFight="false" FFightR="150" FNpc="false" FNpcV="3" FNpcAgro="false" PCount="false" PCountV="1" PCond="0" PCondV="0" PLoad="false" PLoadV="55" FDel="false" FDelC="false" FDelCV="0" FDelL="false" FDelLV="54" FPrior="0"/>
    <Item_22 ObjType="1" ID="23" FGrade="0" FPickup="false" FInFight="false" FFightR="150" FNpc="false" FNpcV="3" FNpcAgro="false" PCount="false" PCountV="1" PCond="0" PCondV="0" PLoad="false" PLoadV="55" FDel="false" FDelC="false" FDelCV="0" FDelL="false" FDelLV="54" FPrior="0"/>
    <Item_23 ObjType="1" ID="27" FGrade="0" FPickup="false" FInFight="false" FFightR="150" FNpc="false" FNpcV="3" FNpcAgro="false" PCount="false" PCountV="1" PCond="0" PCondV="0" PLoad="false" PLoadV="55" FDel="false" FDelC="false" FDelCV="0" FDelL="false" FDelLV="54" FPrior="0"/>
    <Item_24 ObjType="1" ID="29" FGrade="0" FPickup="false" FInFight="false" FFightR="150" FNpc="false" FNpcV="3" FNpcAgro="false" PCount="false" PCountV="1" PCond="0" PCondV="0" PLoad="false" PLoadV="55" FDel="false" FDelC="false" FDelCV="0" FDelL="false" FDelLV="54" FPrior="0"/>
    <Item_25 ObjType="1" ID="30" FGrade="0" FPickup="false" FInFight="false" FFightR="150" FNpc="false" FNpcV="3" FNpcAgro="false" PCount="false" PCountV="1" PCond="0" PCondV="0" PLoad="false" PLoadV="55" FDel="false" FDelC="false" FDelCV="0" FDelL="false" FDelLV="54" FPrior="0"/>
    <Item_26 ObjType="1" ID="35" FGrade="0" FPickup="false" FInFight="false" FFightR="150" FNpc="false" FNpcV="3" FNpcAgro="false" PCount="false" PCountV="1" PCond="0" PCondV="0" PLoad="false" PLoadV="55" FDel="false" FDelC="false" FDelCV="0" FDelL="false" FDelLV="54" FPrior="0"/>
    <Item_27 ObjType="1" ID="37" FGrade="0" FPickup="false" FInFight="false" FFightR="150" FNpc="false" FNpcV="3" FNpcAgro="false" PCount="false" PCountV="1" PCond="0" PCondV="0" PLoad="false" PLoadV="55" FDel="false" FDelC="false" FDelCV="0" FDelL="false" FDelLV="54" FPrior="0"/>
    <Item_28 ObjType="1" ID="41" FGrade="0" FPickup="false" FInFight="false" FFightR="150" FNpc="false" FNpcV="3" FNpcAgro="false" PCount="false" PCountV="1" PCond="0" PCondV="0" PLoad="false" PLoadV="55" FDel="false" FDelC="false" FDelCV="0" FDelL="false" FDelLV="54" FPrior="0"/>
    <Item_29 ObjType="1" ID="43" FGrade="0" FPickup="false" FInFight="false" FFightR="150" FNpc="false" FNpcV="3" FNpcAgro="false" PCount="false" PCountV="1" PCond="0" PCondV="0" PLoad="false" PLoadV="55" FDel="false" FDelC="false" FDelCV="0" FDelL="false" FDelLV="54" FPrior="0"/>
    <Item_30 ObjType="1" ID="49" FGrade="0" FPickup="false" FInFight="false" FFightR="150" FNpc="false" FNpcV="3" FNpcAgro="false" PCount="false" PCountV="1" PCond="0" PCondV="0" PLoad="false" PLoadV="55" FDel="false" FDelC="false" FDelCV="0" FDelL="false" FDelLV="54" FPrior="0"/>
    <Item_31 ObjType="1" ID="50" FGrade="0" FPickup="false" FInFight="false" FFightR="150" FNpc="false" FNpcV="3" FNpcAgro="false" PCount="false" PCountV="1" PCond="0" PCondV="0" PLoad="false" PLoadV="55" FDel="false" FDelC="false" FDelCV="0" FDelL="false" FDelLV="54" FPrior="0"/>
    <Item_32 ObjType="1" ID="113" FGrade="0" FPickup="false" FInFight="false" FFightR="150" FNpc="false" FNpcV="3" FNpcAgro="false" PCount="false" PCountV="1" PCond="0" PCondV="0" PLoad="false" PLoadV="55" FDel="false" FDelC="false" FDelCV="0" FDelL="false" FDelLV="54" FPrior="0"/>
    <Item_33 ObjType="1" ID="114" FGrade="0" FPickup="false" FInFight="false" FFightR="150" FNpc="false" FNpcV="3" FNpcAgro="false" PCount="false" PCountV="1" PCond="0" PCondV="0" PLoad="false" PLoadV="55" FDel="false" FDelC="false" FDelCV="0" FDelL="false" FDelLV="54" FPrior="0"/>
    <Item_34 ObjType="1" ID="429" FGrade="0" FPickup="false" FInFight="false" FFightR="150" FNpc="false" FNpcV="3" FNpcAgro="false" PCount="false" PCountV="1" PCond="0" PCondV="0" PLoad="false" PLoadV="55" FDel="false" FDelC="false" FDelCV="0" FDelL="false" FDelLV="54" FPrior="0"/>
    <Item_35 ObjType="1" ID="463" FGrade="0" FPickup="false" FInFight="false" FFightR="150" FNpc="false" FNpcV="3" FNpcAgro="false" PCount="false" PCountV="1" PCond="0" PCondV="0" PLoad="false" PLoadV="55" FDel="false" FDelC="false" FDelCV="0" FDelL="false" FDelLV="54" FPrior="0"/>
    <Item_36 ObjType="1" ID="464" FGrade="0" FPickup="false" FInFight="false" FFightR="150" FNpc="false" FNpcV="3" FNpcAgro="false" PCount="false" PCountV="1" PCond="0" PCondV="0" PLoad="false" PLoadV="55" FDel="false" FDelC="false" FDelCV="0" FDelL="false" FDelLV="54" FPrior="0"/>
    <Item_37 ObjType="1" ID="466" FGrade="1" FPickup="false" FInFight="false" FFightR="150" FNpc="false" FNpcV="3" FNpcAgro="false" PCount="false" PCountV="1" PCond="0" PCondV="0" PLoad="false" PLoadV="55" FDel="false" FDelC="false" FDelCV="0" FDelL="false" FDelLV="54" FPrior="0"/>
    <Item_38 ObjType="1" ID="467" FGrade="1" FPickup="false" FInFight="false" FFightR="150" FNpc="false" FNpcV="3" FNpcAgro="false" PCount="false" PCountV="1" PCond="0" PCondV="0" PLoad="false" PLoadV="55" FDel="false" FDelC="false" FDelCV="0" FDelL="false" FDelLV="54" FPrior="0"/>
    <Item_39 ObjType="1" ID="675" FGrade="0" FPickup="false" FInFight="false" FFightR="150" FNpc="false" FNpcV="3" FNpcAgro="false" PCount="false" PCountV="1" PCond="0" PCondV="0" PLoad="false" PLoadV="55" FDel="false" FDelC="false" FDelCV="0" FDelL="false" FDelLV="54" FPrior="0"/>
    <Item_40 ObjType="1" ID="884" FGrade="2" FPickup="false" FInFight="false" FFightR="150" FNpc="false" FNpcV="3" FNpcAgro="false" PCount="false" PCountV="1" PCond="0" PCondV="0" PLoad="false" PLoadV="55" FDel="false" FDelC="false" FDelCV="0" FDelL="false" FDelLV="54" FPrior="0"/>
    <Item_41 ObjType="1" ID="907" FGrade="0" FPickup="false" FInFight="false" FFightR="150" FNpc="false" FNpcV="3" FNpcAgro="false" PCount="false" PCountV="1" PCond="0" PCondV="0" PLoad="false" PLoadV="55" FDel="false" FDelC="false" FDelCV="0" FDelL="false" FDelLV="54" FPrior="0"/>
    <Item_42 ObjType="2" ID="945" FGrade="0" FPickup="false" FInFight="false" FFightR="150" FNpc="false" FNpcV="3" FNpcAgro="false" PCount="false" PCountV="1" PCond="0" PCondV="0" PLoad="false" PLoadV="55" FDel="false" FDelC="false" FDelCV="0" FDelL="false" FDelLV="54" FPrior="0"/>
    <Item_43 ObjType="1" ID="1129" FGrade="0" FPickup="false" FInFight="false" FFightR="150" FNpc="false" FNpcV="3" FNpcAgro="false" PCount="false" PCountV="1" PCond="0" PCondV="0" PLoad="false" PLoadV="55" FDel="false" FDelC="false" FDelCV="0" FDelL="false" FDelLV="54" FPrior="0"/>
    <Item_44 ObjType="1" ID="2386" FGrade="0" FPickup="false" FInFight="false" FFightR="150" FNpc="false" FNpcV="3" FNpcAgro="false" PCount="false" PCountV="1" PCond="0" PCondV="0" PLoad="false" PLoadV="55" FDel="false" FDelC="false" FDelCV="0" FDelL="false" FDelLV="54" FPrior="0"/>
    <Item_45 ObjType="0" ID="8613" FGrade="0" FPickup="false" FInFight="false" FFightR="150" FNpc="false" FNpcV="3" FNpcAgro="false" PCount="false" PCountV="1" PCond="0" PCondV="0" PLoad="false" PLoadV="55" FDel="false" FDelC="false" FDelCV="0" FDelL="false" FDelLV="54" FPrior="0"/>
    <Item_46 ObjType="0" ID="9593" FGrade="0" FPickup="false" FInFight="false" FFightR="150" FNpc="false" FNpcV="3" FNpcAgro="false" PCount="false" PCountV="1" PCond="0" PCondV="0" PLoad="false" PLoadV="55" FDel="false" FDelC="false" FDelCV="0" FDelL="false" FDelLV="54" FPrior="0"/>
    <Item_47 ObjType="0" ID="9594" FGrade="0" FPickup="false" FInFight="false" FFightR="150" FNpc="false" FNpcV="3" FNpcAgro="false" PCount="false" PCountV="1" PCond="0" PCondV="0" PLoad="false" PLoadV="55" FDel="false" FDelC="false" FDelCV="0" FDelL="false" FDelLV="54" FPrior="0"/>
    <Item_48 ObjType="0" ID="9595" FGrade="0" FPickup="false" FInFight="false" FFightR="150" FNpc="false" FNpcV="3" FNpcAgro="false" PCount="false" PCountV="1" PCond="0" PCondV="0" PLoad="false" PLoadV="55" FDel="false" FDelC="false" FDelCV="0" FDelL="false" FDelLV="54" FPrior="0"/>
    <Item_49 ObjType="0" ID="9596" FGrade="0" FPickup="false" FInFight="false" FFightR="150" FNpc="false" FNpcV="3" FNpcAgro="false" PCount="false" PCountV="1" PCond="0" PCondV="0" PLoad="false" PLoadV="55" FDel="false" FDelC="false" FDelCV="0" FDelL="false" FDelLV="54" FPrior="0"/>
    <Item_50 ObjType="0" ID="9597" FGrade="0" FPickup="false" FInFight="false" FFightR="150" FNpc="false" FNpcV="3" FNpcAgro="false" PCount="false" PCountV="1" PCond="0" PCondV="0" PLoad="false" PLoadV="55" FDel="false" FDelC="false" FDelCV="0" FDelL="false" FDelLV="54" FPrior="0"/>
    <Item_51 ObjType="0" ID="9598" FGrade="0" FPickup="false" FInFight="false" FFightR="150" FNpc="false" FNpcV="3" FNpcAgro="false" PCount="false" PCountV="1" PCond="0" PCondV="0" PLoad="false" PLoadV="55" FDel="false" FDelC="false" FDelCV="0" FDelL="false" FDelLV="54" FPrior="0"/>
    <Item_52 ObjType="0" ID="10213" FGrade="0" FPickup="false" FInFight="false" FFightR="150" FNpc="false" FNpcV="3" FNpcAgro="false" PCount="false" PCountV="1" PCond="0" PCondV="0" PLoad="false" PLoadV="55" FDel="false" FDelC="false" FDelCV="0" FDelL="false" FDelLV="54" FPrior="0"/>
    <Item_53 ObjType="0" ID="10648" FGrade="0" FPickup="false" FInFight="false" FFightR="150" FNpc="false" FNpcV="3" FNpcAgro="false" PCount="false" PCountV="1" PCond="0" PCondV="0" PLoad="false" PLoadV="55" FDel="false" FDelC="false" FDelCV="0" FDelL="false" FDelLV="54" FPrior="0"/>
    <Item_54 ObjType="0" ID="14852" FGrade="0" FPickup="false" FInFight="false" FFightR="150" FNpc="false" FNpcV="3" FNpcAgro="false" PCount="false" PCountV="1" PCond="0" PCondV="0" PLoad="false" PLoadV="55" FDel="false" FDelC="false" FDelCV="0" FDelL="false" FDelLV="54" FPrior="0"/>
    <Item_55 ObjType="0" ID="14853" FGrade="0" FPickup="false" FInFight="false" FFightR="150" FNpc="false" FNpcV="3" FNpcAgro="false" PCount="false" PCountV="1" PCond="0" PCondV="0" PLoad="false" PLoadV="55" FDel="false" FDelC="false" FDelCV="0" FDelL="false" FDelLV="54" FPrior="0"/>
    <Item_56 ObjType="0" ID="15537" FGrade="0" FPickup="false" FInFight="false" FFightR="150" FNpc="false" FNpcV="3" FNpcAgro="false" PCount="false" PCountV="1" PCond="0" PCondV="0" PLoad="false" PLoadV="55" FDel="false" FDelC="false" FDelCV="0" FDelL="false" FDelLV="54" FPrior="0"/>
    <Item_57 ObjType="0" ID="23957" FGrade="0" FPickup="false" FInFight="false" FFightR="150" FNpc="false" FNpcV="3" FNpcAgro="false" PCount="false" PCountV="1" PCond="0" PCondV="0" PLoad="false" PLoadV="55" FDel="false" FDelC="false" FDelCV="0" FDelL="false" FDelLV="54" FPrior="0"/>
    <Item_58 ObjType="0" ID="23958" FGrade="0" FPickup="false" FInFight="false" FFightR="150" FNpc="false" FNpcV="3" FNpcAgro="false" PCount="false" PCountV="1" PCond="0" PCondV="0" PLoad="false" PLoadV="55" FDel="false" FDelC="false" FDelCV="0" FDelL="false" FDelLV="54" FPrior="0"/>
    <Item_59 ObjType="0" ID="23959" FGrade="0" FPickup="false" FInFight="false" FFightR="150" FNpc="false" FNpcV="3" FNpcAgro="false" PCount="false" PCountV="1" PCond="0" PCondV="0" PLoad="false" PLoadV="55" FDel="false" FDelC="false" FDelCV="0" FDelL="false" FDelLV="54" FPrior="0"/>
    <Item_60 ObjType="0" ID="23960" FGrade="0" FPickup="false" FInFight="false" FFightR="150" FNpc="false" FNpcV="3" FNpcAgro="false" PCount="false" PCountV="1" PCond="0" PCondV="0" PLoad="false" PLoadV="55" FDel="false" FDelC="false" FDelCV="0" FDelL="false" FDelLV="54" FPrior="0"/>
    <Item_61 ObjType="0" ID="23961" FGrade="0" FPickup="false" FInFight="false" FFightR="150" FNpc="false" FNpcV="3" FNpcAgro="false" PCount="false" PCountV="1" PCond="0" PCondV="0" PLoad="false" PLoadV="55" FDel="false" FDelC="false" FDelCV="0" FDelL="false" FDelLV="54" FPrior="0"/>
    <Item_62 ObjType="0" ID="23962" FGrade="0" FPickup="false" FInFight="false" FFightR="150" FNpc="false" FNpcV="3" FNpcAgro="false" PCount="false" PCountV="1" PCond="0" PCondV="0" PLoad="false" PLoadV="55" FDel="false" FDelC="false" FDelCV="0" FDelL="false" FDelLV="54" FPrior="0"/>
    <Item_63 ObjType="0" ID="23963" FGrade="0" FPickup="false" FInFight="false" FFightR="150" FNpc="false" FNpcV="3" FNpcAgro="false" PCount="false" PCountV="1" PCond="0" PCondV="0" PLoad="false" PLoadV="55" FDel="false" FDelC="false" FDelCV="0" FDelL="false" FDelLV="54" FPrior="0"/>
    <Item_64 ObjType="0" ID="23964" FGrade="0" FPickup="false" FInFight="false" FFightR="150" FNpc="false" FNpcV="3" FNpcAgro="false" PCount="false" PCountV="1" PCond="0" PCondV="0" PLoad="false" PLoadV="55" FDel="false" FDelC="false" FDelCV="0" FDelL="false" FDelLV="54" FPrior="0"/>
    <Item_65 ObjType="0" ID="23965" FGrade="0" FPickup="false" FInFight="false" FFightR="150" FNpc="false" FNpcV="3" FNpcAgro="false" PCount="false" PCountV="1" PCond="0" PCondV="0" PLoad="false" PLoadV="55" FDel="false" FDelC="false" FDelCV="0" FDelL="false" FDelLV="54" FPrior="0"/>
    <Item_66 ObjType="0" ID="23966" FGrade="0" FPickup="false" FInFight="false" FFightR="150" FNpc="false" FNpcV="3" FNpcAgro="false" PCount="false" PCountV="1" PCond="0" PCondV="0" PLoad="false" PLoadV="55" FDel="false" FDelC="false" FDelCV="0" FDelL="false" FDelLV="54" FPrior="0"/>
    <Item_67 ObjType="0" ID="23967" FGrade="0" FPickup="false" FInFight="false" FFightR="150" FNpc="false" FNpcV="3" FNpcAgro="false" PCount="false" PCountV="1" PCond="0" PCondV="0" PLoad="false" PLoadV="55" FDel="false" FDelC="false" FDelCV="0" FDelL="false" FDelLV="54" FPrior="0"/>
    <Item_68 ObjType="0" ID="23968" FGrade="0" FPickup="false" FInFight="false" FFightR="150" FNpc="false" FNpcV="3" FNpcAgro="false" PCount="false" PCountV="1" PCond="0" PCondV="0" PLoad="false" PLoadV="55" FDel="false" FDelC="false" FDelCV="0" FDelL="false" FDelLV="54" FPrior="0"/>
    <Item_69 ObjType="0" ID="23969" FGrade="0" FPickup="false" FInFight="false" FFightR="150" FNpc="false" FNpcV="3" FNpcAgro="false" PCount="false" PCountV="1" PCond="0" PCondV="0" PLoad="false" PLoadV="55" FDel="false" FDelC="false" FDelCV="0" FDelL="false" FDelLV="54" FPrior="0"/>
    <Item_70 ObjType="0" ID="23970" FGrade="0" FPickup="false" FInFight="false" FFightR="150" FNpc="false" FNpcV="3" FNpcAgro="false" PCount="false" PCountV="1" PCond="0" PCondV="0" PLoad="false" PLoadV="55" FDel="false" FDelC="false" FDelCV="0" FDelL="false" FDelLV="54" FPrior="0"/>
    <Item_71 ObjType="0" ID="23971" FGrade="0" FPickup="false" FInFight="false" FFightR="150" FNpc="false" FNpcV="3" FNpcAgro="false" PCount="false" PCountV="1" PCond="0" PCondV="0" PLoad="false" PLoadV="55" FDel="false" FDelC="false" FDelCV="0" FDelL="false" FDelLV="54" FPrior="0"/>
    <Item_72 ObjType="0" ID="23972" FGrade="0" FPickup="false" FInFight="false" FFightR="150" FNpc="false" FNpcV="3" FNpcAgro="false" PCount="false" PCountV="1" PCond="0" PCondV="0" PLoad="false" PLoadV="55" FDel="false" FDelC="false" FDelCV="0" FDelL="false" FDelLV="54" FPrior="0"/>
    <Item_73 ObjType="0" ID="23973" FGrade="0" FPickup="false" FInFight="false" FFightR="150" FNpc="false" FNpcV="3" FNpcAgro="false" PCount="false" PCountV="1" PCond="0" PCondV="0" PLoad="false" PLoadV="55" FDel="false" FDelC="false" FDelCV="0" FDelL="false" FDelLV="54" FPrior="0"/>
    <Item_74 ObjType="0" ID="23974" FGrade="0" FPickup="false" FInFight="false" FFightR="150" FNpc="false" FNpcV="3" FNpcAgro="false" PCount="false" PCountV="1" PCond="0" PCondV="0" PLoad="false" PLoadV="55" FDel="false" FDelC="false" FDelCV="0" FDelL="false" FDelLV="54" FPrior="0"/>
    <Item_75 ObjType="0" ID="23975" FGrade="0" FPickup="false" FInFight="false" FFightR="150" FNpc="false" FNpcV="3" FNpcAgro="false" PCount="false" PCountV="1" PCond="0" PCondV="0" PLoad="false" PLoadV="55" FDel="false" FDelC="false" FDelCV="0" FDelL="false" FDelLV="54" FPrior="0"/>
    <Item_76 ObjType="0" ID="23976" FGrade="0" FPickup="false" FInFight="false" FFightR="150" FNpc="false" FNpcV="3" FNpcAgro="false" PCount="false" PCountV="1" PCond="0" PCondV="0" PLoad="false" PLoadV="55" FDel="false" FDelC="false" FDelCV="0" FDelL="false" FDelLV="54" FPrior="0"/>
    <Item_77 ObjType="0" ID="34844" FGrade="0" FPickup="false" FInFight="false" FFightR="150" FNpc="false" FNpcV="3" FNpcAgro="false" PCount="false" PCountV="1" PCond="0" PCondV="0" PLoad="false" PLoadV="55" FDel="false" FDelC="false" FDelCV="0" FDelL="false" FDelLV="54" FPrior="0"/>
    <Item_78 ObjType="0" ID="34845" FGrade="0" FPickup="false" FInFight="false" FFightR="150" FNpc="false" FNpcV="3" FNpcAgro="false" PCount="false" PCountV="1" PCond="0" PCondV="0" PLoad="false" PLoadV="55" FDel="false" FDelC="false" FDelCV="0" FDelL="false" FDelLV="54" FPrior="0"/>
    <Item_79 ObjType="0" ID="0" FGrade="0" FPickup="false" FInFight="false" FFightR="150" FNpc="false" FNpcV="3" FNpcAgro="false" PCount="false" PCountV="0" PCond="0" PCondV="0" PLoad="false" PLoadV="55" FDel="false" FDelC="false" FDelCV="0" FDelL="false" FDelLV="54" FPrior="0"/>
  </ItemFilter>
  <NpcFilterDef>
    <Item_0 ObjType="0" ID="0" FAction="1" FPriority="1" FPriority2="1" FAtkAlone="false" FAtkAloneV1="400" FAtkAloneC="0" FAtkAloneV2="3" FDodge="false" FDodgeV="300" FCAtk="false" FPosition="false" FPosX="0" FPosY="0" FPosZ="0" FPosR="0" FC="0" FV="0" NPCFV2=""/>
    <Item_1 ObjType="1" ID="0" FAction="0" FPriority="1" FPriority2="1" FAtkAlone="false" FAtkAloneV1="400" FAtkAloneC="0" FAtkAloneV2="3" FDodge="false" FDodgeV="300" FCAtk="false" FPosition="false" FPosX="0" FPosY="0" FPosZ="0" FPosR="0" FC="0" FV="0" NPCFV2=""/>
  </NpcFilterDef>
  <ItemFilterDef>
    <Item_0 ObjType="-1" ID="0" FGrade="0" FPickup="true" FInFight="false" FFightR="150" FNpc="false" FNpcV="3" FNpcAgro="false" PCount="false" PCountV="0" PCond="0" PCondV="0" PLoad="false" PLoadV="55" FDel="false" FDelC="false" FDelCV="0" FDelL="false" FDelLV="54" FPrior="0"/>
  </ItemFilterDef>
</BasicSettings>
