<?xml version="1.0" encoding="UTF-8"?>
<BasicSettings>
  <General Active="false" AutoAtk="true" AutoHeal="true" AutoBuff="true" AutoEvent="true" AutoScript="false" AutoScriptPath="" FRange1="350" FRange2="900" FAutoMove="true" Performance="1" Performance2="1" FastNuke="true" MTarget="false" BuffBypass0="_bbshome&#xA;_servicebuff 0&#xA;_servicebuff list 1_0 Воину&#xA;_servicebuff get 0 1_0 Воину" BuffBypass1="_bbshome&#xA;_servicebuff 0&#xA;_servicebuff list 1_0 Магу&#xA;_servicebuff get 0 1_0 Магу" BuffBypass2="_bbshome&#xA;_servicebuff 0&#xA;_servicebuff list 2_0 1&#xA;_servicebuff get 0 2_0 1" BuffBypass3="_bbshome&#xA;_servicebuff 0&#xA;_servicebuff list 2_0 2&#xA;_servicebuff get 0 2_0 2" BuffBypass4="_bbshome&#xA;_servicebuff 0&#xA;_servicebuff list 2_0 3&#xA;_servicebuff get 0 2_0 3" HotPauseScript="true" AutoDB="true" AutoDBAll="false"/>
  <SelfHeal>
    <Item_0 ObjEnabled="true" ObjType="1" ObjID="1060" Priority="0" BuffType="0" BuffName="" TargetList="" Distance="0" MinDist="0" OffParty="false" OffParty2="false" OffParty2V="0" BreakRelax="false" Delay="10" Delay2="0" DelayUse="false" InCombat="true" ForPet="0" TargetInCombat="false" Dispell="false" NoTarget="false" Combo="false" ETime="false" CTime="0" VTime="0" ELvl="false" CLvl="0" VLvl="0" C1="0" V1="0" C2="1" V2="30" C3="0" V3="0" UseShot="false" UseShotV="false"/>
    <Item_1 ObjEnabled="true" ObjType="1" ObjID="13033" Priority="0" BuffType="0" BuffName="" TargetList="" Distance="0" MinDist="0" OffParty="false" OffParty2="false" OffParty2V="0" BreakRelax="false" Delay="10" Delay2="0" DelayUse="false" InCombat="true" ForPet="0" TargetInCombat="false" Dispell="false" NoTarget="false" Combo="false" ETime="false" CTime="0" VTime="0" ELvl="false" CLvl="0" VLvl="0" C1="0" V1="0" C2="1" V2="60" C3="0" V3="0" UseShot="false" UseShotV="false"/>
    <Item_2 ObjEnabled="true" ObjType="1" ObjID="1539" Priority="0" BuffType="0" BuffName="" TargetList="" Distance="0" MinDist="0" OffParty="false" OffParty2="false" OffParty2V="0" BreakRelax="false" Delay="10" Delay2="0" DelayUse="false" InCombat="true" ForPet="0" TargetInCombat="false" Dispell="false" NoTarget="false" Combo="false" ETime="false" CTime="0" VTime="0" ELvl="false" CLvl="0" VLvl="0" C1="0" V1="0" C2="1" V2="60" C3="0" V3="0" UseShot="false" UseShotV="false"/>
    <Item_3 ObjEnabled="true" ObjType="1" ObjID="13033" Priority="0" BuffType="0" BuffName="" TargetList="" Distance="0" MinDist="0" OffParty="false" OffParty2="false" OffParty2V="0" BreakRelax="false" Delay="10" Delay2="0" DelayUse="false" InCombat="true" ForPet="0" TargetInCombat="false" Dispell="false" NoTarget="false" Combo="false" ETime="false" CTime="0" VTime="0" ELvl="false" CLvl="0" VLvl="0" C1="0" V1="0" C2="1" V2="60" C3="0" V3="0" UseShot="false" UseShotV="false"/>
    <Item_4 ObjEnabled="true" ObjType="1" ObjID="13032" Priority="0" BuffType="0" BuffName="" TargetList="" Distance="0" MinDist="0" OffParty="false" OffParty2="false" OffParty2V="0" BreakRelax="false" Delay="10" Delay2="0" DelayUse="false" InCombat="true" ForPet="0" TargetInCombat="false" Dispell="false" NoTarget="false" Combo="false" ETime="false" CTime="0" VTime="0" ELvl="false" CLvl="0" VLvl="0" C1="0" V1="0" C2="1" V2="80" C3="0" V3="0" UseShot="false" UseShotV="false"/>
    <Item_5 ObjEnabled="false" ObjType="1" ObjID="33640" Priority="4" BuffType="0" BuffName="" TargetList="" Distance="0" MinDist="0" OffParty="false" OffParty2="false" OffParty2V="0" BreakRelax="false" Delay="60" Delay2="0" DelayUse="false" InCombat="true" ForPet="0" TargetInCombat="false" Dispell="false" NoTarget="false" Combo="false" ETime="false" CTime="0" VTime="0" ELvl="false" CLvl="0" VLvl="0" C1="0" V1="0" C2="1" V2="10" C3="0" V3="0" UseShot="false" UseShotV=""/>
    <Item_6 ObjEnabled="true" ObjType="1" ObjID="1061" Priority="0" BuffType="0" BuffName="" TargetList="" Distance="0" MinDist="0" OffParty="false" OffParty2="false" OffParty2V="0" BreakRelax="false" Delay="10" Delay2="0" DelayUse="false" InCombat="true" ForPet="0" TargetInCombat="false" Dispell="false" NoTarget="false" Combo="false" ETime="false" CTime="0" VTime="0" ELvl="false" CLvl="0" VLvl="0" C1="0" V1="0" C2="1" V2="40" C3="0" V3="0" UseShot="false" UseShotV=""/>
    <Item_7 ObjEnabled="true" ObjType="1" ObjID="29651" Priority="0" BuffType="0" BuffName="" TargetList="" Distance="0" MinDist="0" OffParty="false" OffParty2="false" OffParty2V="0" BreakRelax="false" Delay="11" Delay2="0" DelayUse="false" InCombat="true" ForPet="0" TargetInCombat="false" Dispell="false" NoTarget="false" Combo="false" ETime="false" CTime="0" VTime="0" ELvl="false" CLvl="0" VLvl="0" C1="0" V1="0" C2="1" V2="40" C3="0" V3="0" UseShot="false" UseShotV=""/>
    <Item_8 ObjEnabled="true" ObjType="1" ObjID="29652" Priority="0" BuffType="0" BuffName="" TargetList="" Distance="0" MinDist="0" OffParty="false" OffParty2="false" OffParty2V="0" BreakRelax="false" Delay="11" Delay2="0" DelayUse="false" InCombat="true" ForPet="0" TargetInCombat="false" Dispell="false" NoTarget="false" Combo="false" ETime="false" CTime="0" VTime="0" ELvl="false" CLvl="0" VLvl="0" C1="0" V1="0" C2="1" V2="40" C3="0" V3="0" UseShot="false" UseShotV=""/>
    <Item_9 ObjEnabled="true" ObjType="1" ObjID="1073" Priority="0" BuffType="0" BuffName="" TargetList="" Distance="0" MinDist="0" OffParty="false" OffParty2="false" OffParty2V="0" BreakRelax="false" Delay="11" Delay2="0" DelayUse="false" InCombat="true" ForPet="0" TargetInCombat="false" Dispell="false" NoTarget="false" Combo="false" ETime="false" CTime="0" VTime="0" ELvl="false" CLvl="0" VLvl="0" C1="0" V1="0" C2="1" V2="35" C3="0" V3="0" UseShot="false" UseShotV=""/>
    <Item_10 ObjEnabled="true" ObjType="1" ObjID="90310" Priority="0" BuffType="0" BuffName="" TargetList="" Distance="0" MinDist="0" OffParty="false" OffParty2="false" OffParty2V="0" BreakRelax="false" Delay="10" Delay2="0" DelayUse="false" InCombat="true" ForPet="0" TargetInCombat="false" Dispell="false" NoTarget="false" Combo="false" ETime="false" CTime="0" VTime="0" ELvl="false" CLvl="0" VLvl="0" C1="0" V1="0" C2="5" V2="15" C3="0" V3="0" UseShot="false" UseShotV=""/>
  </SelfHeal>
  <Relax SkillUse="false" SkillName="" minHPUse="true" minHP="48" minMPUse="true" minMP="15" maxHPUse="true" maxHP="72" maxMpUse="true" maxMP="65" PauseUse="true" PauseV1="1" PauseV2="2" Pos1Use="false" Pos2Use="false" Pos3Use="false" Pos1X="0" Pos1Y="0" Pos1Z="0" Pos2X="0" Pos2Y="0" Pos2Z="0" Pos3X="0" Pos3Y="0" Pos3Z="0" RelaxParty="false" RelaxPartyV="" RelaxPartyV2="30" RelaxPartyV3="100" PartyStandAtk="true" SitTarg="false" SitTargV="5"/>
  <Death Resp="false" RespType="0" WaitResp="false" WaitRespV1="60" WaitRespV2="30" WaitFight="false" WaitFightV="10"/>
  <SelfBuff>
    <Item_0 ObjEnabled="true" ObjType="0" ObjID="1012" Priority="0" BuffType="0" BuffName="4035" TargetList="" Distance="0" MinDist="0" OffParty="false" OffParty2="false" OffParty2V="0" BreakRelax="false" Delay="10" Delay2="0" DelayUse="true" InCombat="true" ForPet="0" TargetInCombat="false" Dispell="false" NoTarget="false" Combo="false" ETime="false" CTime="0" VTime="0" ELvl="false" CLvl="0" VLvl="0" C1="32" V1="4035" C2="0" V2="0" C3="0" V3="0" UseShot="false" UseShotV=""/>
    <Item_1 ObjEnabled="true" ObjType="1" ObjID="70103" Priority="0" BuffType="1" BuffName="Зелье Путешественника - Скор. Маг.; Свиток Мелодии Настроения;" TargetList="" Distance="0" MinDist="0" OffParty="false" OffParty2="false" OffParty2V="0" BreakRelax="false" Delay="0" Delay2="0" DelayUse="true" InCombat="true" ForPet="0" TargetInCombat="false" Dispell="false" NoTarget="false" Combo="false" ETime="false" CTime="0" VTime="0" ELvl="false" CLvl="0" VLvl="0" C1="31" V1="1085" C2="31" V2="2169" C3="0" V3="0" UseShot="false" UseShotV=""/>
    <Item_2 ObjEnabled="true" ObjType="0" ObjID="1040" Priority="0" BuffType="1" BuffName="Shield; Свиток Мелодии Настроения;" TargetList="" Distance="0" MinDist="0" OffParty="false" OffParty2="false" OffParty2V="0" BreakRelax="false" Delay="10" Delay2="0" DelayUse="true" InCombat="true" ForPet="0" TargetInCombat="false" Dispell="false" NoTarget="false" Combo="false" ETime="false" CTime="0" VTime="0" ELvl="false" CLvl="0" VLvl="0" C1="31" V1="1040" C2="0" V2="0" C3="0" V3="0" UseShot="false" UseShotV=""/>
  </SelfBuff>
  <Party Invite="false" InviteList="" DropType="1" Accept="false" AcceptList="" Assist="false" AssistList="" ProtectMA="true" ProtectMAV="2" AttackType="0" ProtectParty="false" ProtectPartyList="" ProtectMyPet="false" ProtectMy="true" ProtectParty2="true" BreakRelax2="true" FollowMov="true" FollowList="" FollovMinDist="50" FollowMaxDist="250" FollowType="1" RelaxWith="false" RelaxWithList="" RelaxWithNear="false" LeavePL="false" ProtectByOne="true" FriendList="" AcceptResp="false" AcceptRespType="1" DlgAcceptList="" PauseBuff="false" PauseBuffList="" PauseBuffTime="30" DeathAcceptMy="false" PartyAcceptMy="true" RelaxStand="false" RelaxStandV="2" AssistDelay="false" AssistDelayV1="1000" AssistDelayV2="3000" PartyRnd="true" PartyRndV1="1" PartyRndV2="2" PartyRndV3="100" PartyRndV4="150" AssistLeader="true" FollowLeader="true"/>
  <PartyBuff/>
  <Fight>
    <Items>
      <Item_0 ObjEnabled="true" ObjType="0" ObjName="Ice Bolt" ObjID="1184" Priority="0" ObjRepeat="false" RepFail="false" Delay="0" Selector="false" TargetMOB="true" TargetNPC="false" TargetCHAR="false" TargetFiltr="1" TargetFiltrList="" FightShot="false" FightShotV="" MoveDist="true" BaseDist="true" BaseDistV="600" DistToTargV1="0" DistToTargV2="600" AgroInRange="false" MonInRangeC="0" MonInRangeR="250" MonInRangeV="1" MonInRangeT1="true" C1="3" V1="99" C2="0" V2="0" C3="0" V3="0" C4="0" V4="0"/>
      <Item_1 ObjEnabled="true" ObjType="0" ObjName="Wind Strike" ObjID="1177" Priority="0" ObjRepeat="true" RepFail="false" Delay="3" Selector="false" TargetMOB="true" TargetNPC="false" TargetCHAR="false" TargetFiltr="1" TargetFiltrList="" FightShot="false" FightShotV="" MoveDist="true" BaseDist="true" BaseDistV="600" DistToTargV1="0" DistToTargV2="600" AgroInRange="false" MonInRangeC="0" MonInRangeR="150" MonInRangeV="0" MonInRangeT1="true" C1="0" V1="0" C2="0" V2="0" C3="0" V3="0" C4="0" V4="0"/>
      <Item_2 ObjEnabled="true" ObjType="0" ObjName="Vampiric Touch" ObjID="1147" Priority="1" ObjRepeat="true" RepFail="false" Delay="1" Selector="false" TargetMOB="true" TargetNPC="false" TargetCHAR="false" TargetFiltr="1" TargetFiltrList="" FightShot="false" FightShotV="" MoveDist="true" BaseDist="true" BaseDistV="600" DistToTargV1="0" DistToTargV2="600" AgroInRange="false" MonInRangeC="0" MonInRangeR="150" MonInRangeV="0" MonInRangeT1="true" C1="13" V1="50" C2="0" V2="0" C3="0" V3="0" C4="0" V4="0"/>
      <Item_3 ObjEnabled="true" ObjType="1" ObjName="Зелье Исцеления" ObjID="29651" Priority="0" ObjRepeat="true" RepFail="false" Delay="0" Selector="false" TargetMOB="true" TargetNPC="false" TargetCHAR="false" TargetFiltr="1" TargetFiltrList="" FightShot="false" FightShotV="" MoveDist="false" BaseDist="false" BaseDistV="75" DistToTargV1="0" DistToTargV2="900" AgroInRange="false" MonInRangeC="2" MonInRangeR="250" MonInRangeV="1" MonInRangeT1="true" C1="13" V1="60" C2="0" V2="0" C3="0" V3="0" C4="0" V4="0"/>
      <Item_4 ObjEnabled="true" ObjType="1" ObjName="Зелье Исцеления" ObjID="29651" Priority="0" ObjRepeat="true" RepFail="false" Delay="0" Selector="false" TargetMOB="true" TargetNPC="false" TargetCHAR="false" TargetFiltr="1" TargetFiltrList="" FightShot="false" FightShotV="" MoveDist="false" BaseDist="false" BaseDistV="75" DistToTargV1="0" DistToTargV2="900" AgroInRange="false" MonInRangeC="2" MonInRangeR="250" MonInRangeV="2" MonInRangeT1="true" C1="13" V1="85" C2="0" V2="0" C3="0" V3="0" C4="0" V4="0"/>
      <Item_5 ObjEnabled="true" ObjType="4" ObjName="Attack" ObjID="2" Priority="3" ObjRepeat="true" RepFail="false" Delay="0" Selector="false" TargetMOB="true" TargetNPC="false" TargetCHAR="false" TargetFiltr="1" TargetFiltrList="" FightShot="false" FightShotV="" MoveDist="true" BaseDist="true" BaseDistV="75" DistToTargV1="0" DistToTargV2="75" AgroInRange="false" MonInRangeC="0" MonInRangeR="150" MonInRangeV="0" MonInRangeT1="true" C1="1" V1="9" C2="0" V2="0" C3="0" V3="0" C4="0" V4="0"/>
      <Item_6 ObjEnabled="true" ObjType="1" ObjName="Antidote" ObjID="1831" Priority="0" ObjRepeat="false" RepFail="false" Delay="0" Selector="false" TargetMOB="true" TargetNPC="false" TargetCHAR="false" TargetFiltr="1" TargetFiltrList="" FightShot="false" FightShotV="" MoveDist="false" BaseDist="false" BaseDistV="75" DistToTargV1="0" DistToTargV2="900" AgroInRange="false" MonInRangeC="0" MonInRangeR="150" MonInRangeV="0" MonInRangeT1="true" C1="58" V1="4035" C2="0" V2="0" C3="0" V3="0" C4="0" V4="0"/>
      <Item_7 ObjEnabled="true" ObjType="0" ObjName="Curse Poison" ObjID="1168" Priority="0" ObjRepeat="false" RepFail="false" Delay="1,5" Selector="false" TargetMOB="true" TargetNPC="false" TargetCHAR="false" TargetFiltr="1" TargetFiltrList="20110;20115;20113;20016;20379;20380;" FightShot="false" FightShotV="" MoveDist="true" BaseDist="true" BaseDistV="600" DistToTargV1="0" DistToTargV2="600" AgroInRange="false" MonInRangeC="0" MonInRangeR="150" MonInRangeV="0" MonInRangeT1="true" C1="3" V1="90" C2="0" V2="0" C3="0" V3="0" C4="0" V4="0"/>
    </Items>
  </Fight>
  <Path MapZoneName="C:\Users\pc\YandexDisk\Updater\Settings\" PathType="0" PathX="0" PathY="0" PathZ="0" PathR1="4000" ZLimit="true" ZLimitV="300" Return="true" ReturnV="40" AttackInRangeOnly="true" IsCircle="false" ZByUser="true" CAtkV="2" Evs="true" EvsTimeOut="1500" EvsBackV1="30" EvsBackV2="50" EvsSideV1="100" EvsSideV2="100">
    <Points/>
  </Path>
  <Mons NoAtkInCombat="true" NoAtkInTarget="false" FullCombat="true" TargetDelay="true" TargetDelayV1="1200" TargetDelayV2="1500" FindAgro="true" FindTargetMe="true" MonsFindNear="true" SkeepTarget="false" SkeepRange="false" SkeepRangeV="300" SkeepRange2="false" SkeepRange2V="100" SkeepChamp="false" SkeepChamp2="false" SkeepChampV="10000" SkeepHP="true" SkeepHPV1="60" SkeepHPV2="5" SkeepHPV3="3" SkeepInv="true" SkeepInvV="3" ProtectPVP="true" AttackPK="true" AttackPVP="true" AttackPVPR="1500" NoAtkPVP="true" MonsFriends="true" MonsMapNear="false" NoAtkLvl1="false" NoAtkLvlV1="3" NoAtkLvl2="false" NoAtkLvlV2="3" NoAtkResp="false" NoAtkRespV="5" NoAtkTitle="true" NoAtkTitleV="ВНИМАНИЕ АНТИБОТ, ANTIBOT" C1="11" C2="23" V1="50" V2="3"/>
  <Drop PickUp="true" PickUpRange="700" ZLimit="true" ZLimitR="150" OnlyMy="false" OnlyInCZ="true" DropTime="15" TimeOut="10" UseFilter="true"/>
  <Shot AutoShot="true" Extract1="false" Extract2="false" Extract3="false" ExtractName1="" ExtractName2="" ExtractName3="" ExtractItem1="" ExtractItem2="" ExtractItem3="" ExtractItem4="" ExtractCount1="1500" ExtractCount2="1500" ExtractCount3="1500" ExtractCount4="0" ExtractDelay1="0" ExtractDelay2="0" ExtractDelay3="0" Fishing="false" FishBreak="true" FishExtract="false" FishMov="false" FishInv="false" FishMTime="15" FishShots="true" FishMovC1="false" FishMovC2="true" FishTrigger="true" FishRelog="false" FishRelogV2="10" F1X1="0" F1Y1="0" F1Z1="0" F1X2="0" F1Y2="0" F1Z2="0" F2X1="0" F2Y1="0" F2Z1="0" F2X2="0" F2Y2="0" F2Z2="0" Craft="false" CraftList="1,2,3" CraftMP="5" CraftWeight="80" CraftDelay="1000" CancelCast="true" NpcTargetPoint="true" NpcRandomMove="true" NpcRandomV1="2" NpcRandomV2="3" NpcRandomV3="30" NpcRandomV4="130" UseGround="false" GroundX="0" GroundY="0" GroundZ="0"/>
  <Event>
    <Item_0 ObjEnabled="true" ObjName="Атакован игроком" ObjType="2" Name="" ID="0" Delay="5" ForPet="false" ForMy="false" Drop="false" Filter="false" Filter2="false" FilterV="" FilterV2="" FilterType="1" FilterSkeepPK="false" NoGroup="true" E1="false" E2="false" E3="false" C1="0" C2="0" C3="0" C4="0" V1="0" V2="0" V3="0" V4="0" ZoneType="1" Range="1000" ZRange="500" PathX="0" PathY="0" PathZ="0" PlaySound="false" PlaySoundV="" FlashBot="false" FlashGame="true" ShowBot="false" ShowMain="false" ExitGame="false" StopBot="false" StopBotV="60" AgroFight="false" ExitToPanel="false" BackToGame="false" BackToGameV="300" Say="false" SayV=" поищи другое место, это мой спот, свали, .!., здесь занято, занято" UseItem="false" UseItemV="" UseSkill="false" UseSkillV="" ChatCMD="false" ChatCMDV="/unstuck" BefDelay="false" BefDelayV1="3" BefDelayV2="5" SitCmd="false"/>
    <Item_1 ObjEnabled="false" ObjName="EXP" ObjType="7" Name="" ID="0" Delay="5" ForPet="false" ForMy="false" Drop="false" Filter="false" Filter2="false" FilterV="" FilterV2="" FilterType="0" FilterSkeepPK="false" NoGroup="false" E1="true" E2="false" E3="false" C1="0" C2="0" C3="0" C4="0" V1="300" V2="0" V3="0" V4="0" ZoneType="1" Range="1000" ZRange="500" PathX="0" PathY="0" PathZ="0" PlaySound="false" PlaySoundV="" FlashBot="false" FlashGame="true" ShowBot="false" ShowMain="false" ExitGame="false" StopBot="false" StopBotV="60" AgroFight="false" ExitToPanel="false" BackToGame="false" BackToGameV="300" Say="false" SayV=" поищи другое место, это мой спот, свали, .!., здесь занято, занято" UseItem="false" UseItemV="" UseSkill="false" UseSkillV="" ChatCMD="false" ChatCMDV="/unstuck" BefDelay="false" BefDelayV1="3" BefDelayV2="5" SitCmd="false"/>
    <Item_2 ObjEnabled="true" ObjName="Значения [CP/HP/MP]" ObjType="3" Name="" ID="0" Delay="5" ForPet="false" ForMy="false" Drop="false" Filter="false" Filter2="false" FilterV="" FilterV2="" FilterType="0" FilterSkeepPK="false" NoGroup="false" E1="false" E2="false" E3="false" C1="1" C2="0" C3="0" C4="0" V1="25" V2="0" V3="0" V4="0" ZoneType="1" Range="1000" ZRange="500" PathX="0" PathY="0" PathZ="0" PlaySound="false" PlaySoundV="" FlashBot="false" FlashGame="true" ShowBot="false" ShowMain="false" ExitGame="false" StopBot="false" StopBotV="60" AgroFight="false" ExitToPanel="false" BackToGame="false" BackToGameV="300" Say="false" SayV=" поищи другое место, это мой спот, свали, .!., здесь занято, занято" UseItem="false" UseItemV="" UseSkill="false" UseSkillV="" ChatCMD="false" ChatCMDV="/unstuck" BefDelay="false" BefDelayV1="3" BefDelayV2="5" SitCmd="false"/>
    <Item_3 ObjEnabled="true" ObjName="Бафы" ObjType="9" Name="" ID="0" Delay="5" ForPet="false" ForMy="false" Drop="false" Filter="false" Filter2="true" FilterV="" FilterV2="" FilterType="0" FilterSkeepPK="false" NoGroup="false" E1="false" E2="false" E3="false" C1="0" C2="0" C3="0" C4="0" V1="0" V2="0" V3="0" V4="0" ZoneType="1" Range="1000" ZRange="500" PathX="0" PathY="0" PathZ="0" PlaySound="false" PlaySoundV="" FlashBot="false" FlashGame="false" ShowBot="false" ShowMain="false" ExitGame="false" StopBot="false" StopBotV="60" AgroFight="false" ExitToPanel="false" BackToGame="false" BackToGameV="300" Say="false" SayV=" поищи другое место, это мой спот, свали, .!., здесь занято, занято" UseItem="false" UseItemV="" UseSkill="false" UseSkillV="" ChatCMD="false" ChatCMDV="/unstuck" BefDelay="false" BefDelayV1="3" BefDelayV2="5" SitCmd="false"/>
    <Item_4 ObjEnabled="true" ObjName="Телепорт" ObjType="10" Name="" ID="0" Delay="5" ForPet="false" ForMy="false" Drop="false" Filter="false" Filter2="false" FilterV="" FilterV2="" FilterType="0" FilterSkeepPK="false" NoGroup="false" E1="true" E2="true" E3="false" C1="0" C2="0" C3="0" C4="0" V1="300" V2="0" V3="0" V4="0" ZoneType="1" Range="1000" ZRange="500" PathX="0" PathY="0" PathZ="0" PlaySound="false" PlaySoundV="" FlashBot="false" FlashGame="false" ShowBot="false" ShowMain="false" ExitGame="false" StopBot="false" StopBotV="60" AgroFight="false" ExitToPanel="false" BackToGame="false" BackToGameV="300" Say="false" SayV=" поищи другое место, это мой спот, свали, .!., здесь занято, занято" UseItem="false" UseItemV="" UseSkill="false" UseSkillV="" ChatCMD="false" ChatCMDV="/unstuck" BefDelay="false" BefDelayV1="3" BefDelayV2="5" SitCmd="false"/>
    <Item_5 ObjEnabled="true" ObjName="Чат" ObjType="6" Name="" ID="0" Delay="5" ForPet="false" ForMy="false" Drop="false" Filter="false" Filter2="false" FilterV="" FilterV2="" FilterType="1" FilterSkeepPK="false" NoGroup="true" E1="false" E2="false" E3="false" C1="0" C2="0" C3="0" C4="0" V1="0" V2="0" V3="0" V4="0" ZoneType="1" Range="1000" ZRange="500" PathX="0" PathY="0" PathZ="0" PlaySound="false" PlaySoundV="" FlashBot="false" FlashGame="false" ShowBot="false" ShowMain="false" ExitGame="false" StopBot="false" StopBotV="60" AgroFight="false" ExitToPanel="false" BackToGame="false" BackToGameV="300" Say="false" SayV=" поищи другое место, это мой спот, свали, .!., здесь занято, занято" UseItem="false" UseItemV="" UseSkill="false" UseSkillV="" ChatCMD="false" ChatCMDV="/unstuck" BefDelay="false" BefDelayV1="3" BefDelayV2="5" SitCmd="false"/>
  </Event>
  <Navi/>
  <NpcFilter/>
  <ItemFilter>
    <Item_0 ObjType="0" ID="8155" FGrade="0" FPickup="true" FInFight="true" FFightR="150" FNpc="false" FNpcV="3" FNpcAgro="false" PCount="false" PCountV="0" PCond="0" PCondV="99" PLoad="false" PLoadV="55" FDel="false" FDelC="false" FDelCV="0" FDelL="false" FDelLV="54" FPrior="0"/>
    <Item_1 ObjType="0" ID="8603" FGrade="0" FPickup="true" FInFight="true" FFightR="150" FNpc="false" FNpcV="3" FNpcAgro="false" PCount="false" PCountV="0" PCond="0" PCondV="99" PLoad="false" PLoadV="55" FDel="false" FDelC="false" FDelCV="0" FDelL="false" FDelLV="54" FPrior="0"/>
    <Item_2 ObjType="0" ID="8604" FGrade="0" FPickup="true" FInFight="true" FFightR="150" FNpc="false" FNpcV="3" FNpcAgro="false" PCount="false" PCountV="0" PCond="0" PCondV="99" PLoad="false" PLoadV="55" FDel="false" FDelC="false" FDelCV="0" FDelL="false" FDelLV="54" FPrior="0"/>
    <Item_3 ObjType="0" ID="8605" FGrade="0" FPickup="true" FInFight="true" FFightR="150" FNpc="false" FNpcV="3" FNpcAgro="false" PCount="false" PCountV="0" PCond="0" PCondV="99" PLoad="false" PLoadV="55" FDel="false" FDelC="false" FDelCV="0" FDelL="false" FDelLV="54" FPrior="0"/>
    <Item_4 ObjType="0" ID="8953" FGrade="0" FPickup="true" FInFight="true" FFightR="150" FNpc="false" FNpcV="3" FNpcAgro="false" PCount="false" PCountV="0" PCond="0" PCondV="99" PLoad="false" PLoadV="55" FDel="false" FDelC="false" FDelCV="0" FDelL="false" FDelLV="54" FPrior="0"/>
    <Item_5 ObjType="0" ID="10433" FGrade="0" FPickup="true" FInFight="true" FFightR="150" FNpc="false" FNpcV="3" FNpcAgro="false" PCount="false" PCountV="0" PCond="0" PCondV="99" PLoad="false" PLoadV="55" FDel="false" FDelC="false" FDelCV="0" FDelL="false" FDelLV="54" FPrior="0"/>
    <Item_6 ObjType="0" ID="34849" FGrade="0" FPickup="true" FInFight="true" FFightR="150" FNpc="false" FNpcV="3" FNpcAgro="false" PCount="false" PCountV="1" PCond="0" PCondV="0" PLoad="false" PLoadV="55" FDel="false" FDelC="false" FDelCV="0" FDelL="false" FDelLV="54" FPrior="0"/>
    <Item_7 ObjType="0" ID="34850" FGrade="0" FPickup="true" FInFight="true" FFightR="150" FNpc="false" FNpcV="3" FNpcAgro="false" PCount="false" PCountV="1" PCond="0" PCondV="0" PLoad="false" PLoadV="55" FDel="false" FDelC="false" FDelCV="0" FDelL="false" FDelLV="54" FPrior="0"/>
    <Item_8 ObjType="0" ID="1539" FGrade="0" FPickup="true" FInFight="false" FFightR="150" FNpc="false" FNpcV="3" FNpcAgro="false" PCount="false" PCountV="1" PCond="0" PCondV="0" PLoad="false" PLoadV="55" FDel="false" FDelC="false" FDelCV="0" FDelL="false" FDelLV="54" FPrior="0"/>
    <Item_9 ObjType="0" ID="8154" FGrade="0" FPickup="true" FInFight="true" FFightR="150" FNpc="false" FNpcV="3" FNpcAgro="false" PCount="false" PCountV="1" PCond="0" PCondV="0" PLoad="false" PLoadV="55" FDel="false" FDelC="false" FDelCV="0" FDelL="false" FDelLV="54" FPrior="0"/>
    <Item_10 ObjType="0" ID="8600" FGrade="0" FPickup="true" FInFight="true" FFightR="150" FNpc="false" FNpcV="3" FNpcAgro="false" PCount="false" PCountV="1" PCond="0" PCondV="0" PLoad="false" PLoadV="55" FDel="false" FDelC="false" FDelCV="0" FDelL="false" FDelLV="54" FPrior="0"/>
    <Item_11 ObjType="0" ID="8601" FGrade="0" FPickup="true" FInFight="true" FFightR="150" FNpc="false" FNpcV="3" FNpcAgro="false" PCount="false" PCountV="1" PCond="0" PCondV="0" PLoad="false" PLoadV="55" FDel="false" FDelC="false" FDelCV="0" FDelL="false" FDelLV="54" FPrior="0"/>
    <Item_12 ObjType="0" ID="8602" FGrade="0" FPickup="true" FInFight="true" FFightR="150" FNpc="false" FNpcV="3" FNpcAgro="false" PCount="false" PCountV="1" PCond="0" PCondV="0" PLoad="false" PLoadV="55" FDel="false" FDelC="false" FDelCV="0" FDelL="false" FDelLV="54" FPrior="0"/>
    <Item_13 ObjType="0" ID="8952" FGrade="0" FPickup="true" FInFight="true" FFightR="150" FNpc="false" FNpcV="3" FNpcAgro="false" PCount="false" PCountV="1" PCond="0" PCondV="0" PLoad="false" PLoadV="55" FDel="false" FDelC="false" FDelCV="0" FDelL="false" FDelLV="54" FPrior="0"/>
    <Item_14 ObjType="0" ID="10432" FGrade="0" FPickup="true" FInFight="true" FFightR="150" FNpc="false" FNpcV="3" FNpcAgro="false" PCount="false" PCountV="1" PCond="0" PCondV="0" PLoad="false" PLoadV="55" FDel="false" FDelC="false" FDelCV="0" FDelL="false" FDelLV="54" FPrior="0"/>
    <Item_15 ObjType="0" ID="10655" FGrade="0" FPickup="true" FInFight="true" FFightR="150" FNpc="false" FNpcV="3" FNpcAgro="false" PCount="false" PCountV="1" PCond="0" PCondV="0" PLoad="false" PLoadV="55" FDel="false" FDelC="false" FDelCV="0" FDelL="false" FDelLV="54" FPrior="0"/>
    <Item_16 ObjType="0" ID="6353" FGrade="0" FPickup="true" FInFight="true" FFightR="950" FNpc="false" FNpcV="3" FNpcAgro="false" PCount="false" PCountV="1" PCond="0" PCondV="0" PLoad="false" PLoadV="55" FDel="false" FDelC="false" FDelCV="0" FDelL="false" FDelLV="54" FPrior="0"/>
  </ItemFilter>
  <NpcFilterDef>
    <Item_0 ObjType="0" ID="0" FAction="1" FPriority="1" FPriority2="1" FAtkAlone="false" FAtkAloneV1="400" FAtkAloneC="0" FAtkAloneV2="3" FDodge="false" FDodgeV="300" FCAtk="false" FPosition="false" FPosX="0" FPosY="0" FPosZ="0" FPosR="0" FC="0" FV="0" NPCFV2=""/>
    <Item_1 ObjType="1" ID="0" FAction="0" FPriority="1" FPriority2="1" FAtkAlone="false" FAtkAloneV1="400" FAtkAloneC="0" FAtkAloneV2="3" FDodge="false" FDodgeV="300" FCAtk="false" FPosition="false" FPosX="0" FPosY="0" FPosZ="0" FPosR="0" FC="0" FV="0" NPCFV2=""/>
  </NpcFilterDef>
  <ItemFilterDef>
    <Item_0 ObjType="-1" ID="0" FGrade="0" FPickup="true" FInFight="false" FFightR="950" FNpc="false" FNpcV="2" FNpcAgro="false" PCount="false" PCountV="0" PCond="0" PCondV="0" PLoad="false" PLoadV="55" FDel="false" FDelC="false" FDelCV="0" FDelL="false" FDelLV="54" FPrior="0"/>
  </ItemFilterDef>
</BasicSettings>
